Country,ISO3,1900,1901,1902,1903,1904,1905,1906,1907,1908,1909,1910,1911,1912,1913,1914,1915,1916,1917,1918,1919,1920,1921,1922,1923,1924,1925,1926,1927,1928,1929,1930,1931,1932,1933,1934,1935,1936,1937,1938,1939,1940,1941,1942,1943,1944,1945,1946,1947,1948,1949,1950,1951,1952,1953,1954,1955,1956,1957,1958,1959,1960,1961,1962,1963,1964,1965,1966,1967,1968,1969,1970,1971,1972,1973,1974,1975,1976,1977,1978,1979,1980,1981,1982,1983,1984,1985,1986,1987,1988,1989,1990,1991,1992,1993,1994,1995,1996,1997,1998,1999,2000,2001,2002,2003,2004,2005,2006,2007,2008,2009,2010,2011,2012,2013,2014,2015,2016,2017,2018,2019,2020,2021,2022,2023
Afghanistan,AFG,29.4,29.5,29.5,29.6,29.7,29.7,29.8,29.9,29.9,30.0,30.0,30.1,30.2,30.2,30.3,30.3,30.4,30.5,7.97,30.6,30.6,30.7,30.8,30.8,30.9,31.0,31.0,31.1,31.1,31.2,31.3,31.3,31.4,31.4,31.5,31.6,31.6,31.7,31.8,31.8,31.9,31.9,32.0,32.1,32.1,32.2,32.2,32.3,32.4,32.4,32.5,32.9,33.6,34.3,35.0,35.7,36.4,37.1,37.9,38.6,39.3,40.0,40.8,41.5,42.3,43.0,43.7,44.5,45.2,45.9,46.6,46.8,46.8,46.9,47.0,47.1,47.3,47.5,45.9,44.4,44.1,44.9,44.6,42.8,40.5,42.4,43.4,45.5,47.9,51.7,52.6,52.4,52.9,53.1,52.7,53.3,53.8,53.7,52.8,54.4,54.6,54.8,55.6,56.4,56.9,57.4,57.6,58.0,58.8,59.3,59.9,60.4,60.8,61.3,61.2,61.2,61.2,63.4,62.443,62.941,61.454,60.417,65.617,66.035
Albania,ALB,35.4,35.4,35.4,35.4,35.4,35.4,35.4,35.4,35.4,35.4,35.4,35.4,35.4,35.4,35.4,35.4,35.4,35.4,19.4,35.4,35.4,35.4,35.4,35.4,35.4,35.4,35.4,35.4,35.4,35.4,36.3,37.2,38.1,39.0,39.9,40.7,41.6,42.5,43.4,43.0,42.0,41.5,40.0,37.0,34.0,47.0,50.0,51.5,52.4,53.3,54.1,54.4,54.8,55.4,56.1,57.0,57.9,58.9,60.0,61.1,62.2,63.3,64.2,64.9,65.4,65.8,66.1,66.3,66.4,66.6,66.9,67.5,68.1,68.7,69.3,69.8,70.3,70.8,71.2,71.5,71.7,71.8,72.0,72.1,72.3,72.4,72.6,72.6,72.8,73.1,73.3,73.0,73.4,73.9,74.5,74.6,74.4,72.5,74.5,74.6,74.9,75.2,75.3,75.4,75.6,76.0,76.4,76.9,77.0,77.5,77.6,77.7,77.8,77.9,77.9,78.0,78.1,78.2,79.238,79.467,77.824,76.844,78.769,79.602
Algeria,DZA,30.2,30.3,30.4,31.4,25.4,28.1,29.6,29.5,29.5,31.0,32.7,32.4,33.8,31.6,31.1,30.6,30.3,30.3,23.7,30.4,29.6,29.6,29.4,32.0,33.5,34.3,33.6,28.8,32.4,32.7,34.0,31.9,33.3,34.6,34.0,35.9,37.1,35.2,34.6,36.9,37.3,35.6,34.9,30.2,35.7,33.5,35.7,39.1,42.3,44.8,47.3,47.5,48.0,48.6,49.1,49.6,50.2,50.8,51.3,51.9,52.5,53.1,53.7,54.3,54.9,55.4,56.0,56.5,57.0,57.6,58.1,58.4,58.8,59.2,59.7,60.1,60.6,61.2,61.8,62.5,62.8,64.0,65.1,66.4,67.6,68.7,69.5,70.2,70.8,71.3,71.7,72.2,72.5,72.7,72.8,72.9,73.3,73.2,73.5,73.9,74.0,74.2,74.5,74.6,75.0,75.3,75.5,75.7,75.9,76.1,76.3,76.5,76.8,76.9,77.0,77.1,77.4,77.7,75.555,75.682,73.257,75.208,76.129,76.261
Angola,AGO,29.0,29.1,29.2,29.3,29.3,29.4,29.4,29.5,29.6,29.7,29.7,29.8,29.9,29.9,30.0,30.1,30.1,30.2,11.7,30.4,30.4,30.5,30.6,30.6,30.7,30.8,30.8,30.9,31.0,31.0,31.1,31.2,31.2,31.3,31.4,31.4,31.5,31.6,31.6,31.7,31.8,32.1,32.5,32.8,33.1,33.5,33.8,34.1,34.5,34.8,35.2,35.5,36.0,36.6,37.1,37.7,38.3,38.8,39.4,40.0,40.6,41.1,41.7,42.3,42.9,43.5,44.1,44.7,45.3,45.9,46.5,46.7,46.9,47.1,47.3,47.2,47.2,47.3,47.4,47.5,47.6,47.7,47.7,47.7,47.8,47.9,47.9,47.7,47.5,47.8,47.9,48.5,48.6,47.3,48.7,49.5,50.1,50.2,49.3,50.7,51.7,52.4,53.5,54.2,54.8,55.7,56.4,57.5,58.4,59.1,59.9,60.6,61.3,61.9,62.8,63.3,63.8,64.2,62.622,63.051,63.116,62.958,64.246,64.617
Antigua and Barbuda,ATG,33.8,33.8,33.8,33.8,33.8,33.8,33.8,33.8,33.8,33.8,33.8,33.8,33.8,33.9,33.9,33.9,33.9,33.9,22.0,33.9,33.9,33.9,34.8,35.6,36.4,37.3,38.1,39.0,39.8,40.7,41.5,42.4,43.2,44.1,44.9,45.8,46.6,47.5,48.3,49.2,50.0,50.9,51.7,52.6,53.4,54.3,55.1,56.0,56.8,57.7,58.5,58.8,59.3,59.8,60.4,60.9,61.4,61.9,62.4,62.9,63.3,63.8,64.2,64.7,65.1,65.5,65.8,66.2,66.6,67.0,67.3,67.7,68.1,68.5,68.8,68.9,69.1,69.5,69.8,70.5,71.1,71.6,72.1,72.6,72.8,73.0,73.3,73.7,73.8,74.0,74.3,74.5,74.4,74.3,74.3,74.1,74.2,74.4,74.5,74.6,74.7,74.9,75.2,75.4,75.6,75.8,76.0,76.3,76.4,76.6,76.6,76.7,76.7,76.8,76.8,76.9,77.0,77.0,77.132,77.168,77.161,77.197,77.483,77.598
Argentina,ARG,36.6,37.2,37.8,38.4,38.9,39.5,40.3,41.0,41.8,42.5,43.3,43.8,44.3,44.9,45.4,45.9,46.7,47.5,41.5,49.1,49.9,50.3,50.8,51.3,51.7,52.2,52.5,52.9,53.2,53.5,53.9,53.9,53.9,53.8,53.8,53.8,54.8,55.7,56.7,57.6,58.5,59.1,59.7,60.3,60.8,61.4,61.3,61.1,61.0,60.9,60.8,61.1,61.6,62.2,62.6,63.0,63.4,63.7,63.9,64.1,64.2,64.3,64.4,64.5,64.6,64.7,64.8,64.9,65.1,65.3,65.6,65.8,66.2,66.6,67.0,67.5,68.0,68.4,69.0,69.6,70.1,70.4,70.8,70.8,71.2,71.5,71.8,72.0,72.1,72.3,72.4,72.6,72.6,72.9,73.3,73.3,73.3,73.5,73.5,73.6,74.2,74.3,74.2,74.3,74.9,75.3,75.4,75.1,75.5,75.6,75.8,75.9,76.0,76.1,76.4,76.5,76.5,76.7,76.77,76.847,75.878,73.948,75.806,77.395
Armenia,ARM,35.1,35.4,35.6,35.8,36.0,36.2,36.5,36.7,36.9,37.1,37.3,40.2,40.6,38.4,38.0,37.6,37.6,34.6,26.1,35.7,27.0,36.7,37.6,38.4,40.8,39.9,42.9,42.3,43.7,42.5,41.8,40.2,37.8,31.6,43.9,45.4,46.9,46.0,47.5,49.8,47.4,26.6,23.3,21.4,28.5,37.5,53.8,46.2,53.8,56.4,58.5,58.7,59.0,59.4,59.8,60.1,60.5,60.8,61.2,61.5,61.9,62.2,62.6,62.9,63.3,63.7,64.0,64.4,64.7,65.0,65.3,65.9,66.4,66.9,67.4,67.8,68.3,68.7,69.0,69.2,69.4,69.8,70.2,70.1,70.5,70.5,71.0,71.2,54.9,70.4,70.1,69.7,68.6,68.9,69.4,69.9,70.3,71.0,71.5,71.9,72.3,72.6,72.7,72.9,73.2,73.4,73.6,73.9,73.8,73.9,74.0,74.3,74.7,75.2,75.3,75.3,75.4,75.6,75.619512195122,76.2219512195122,73.3756097560976,72.2780487804878,74.7658536585366,77.4658536585366
Australia,AUS,50.0,50.5,51.0,51.6,52.1,52.6,53.2,53.7,54.2,54.8,55.3,55.8,56.4,56.9,57.4,58.0,58.5,59.0,54.9,60.1,60.6,61.1,63.0,61.8,62.6,63.3,63.1,63.0,63.1,63.3,65.1,65.5,65.8,65.7,65.0,65.3,65.4,66.0,66.0,66.0,66.4,66.3,66.0,66.6,68.2,68.6,68.2,68.8,68.7,69.3,69.2,68.9,69.3,69.9,70.0,70.4,70.3,70.5,71.1,70.7,71.1,71.4,71.2,71.2,70.9,71.2,71.0,71.3,71.0,71.4,71.0,71.3,71.6,71.9,72.1,72.5,72.9,73.3,73.7,74.1,74.4,74.7,74.8,75.2,75.4,75.5,75.8,76.0,76.3,76.4,76.9,77.3,77.4,77.8,77.9,78.2,78.3,78.6,78.9,79.3,79.5,80.0,80.2,80.5,80.8,81.2,81.4,81.4,81.5,81.7,82.0,82.1,82.5,82.6,82.5,82.5,82.5,82.4,82.7487804878049,82.9,83.2,83.3,83.2,83.0512195121951
Austria,AUT,41.6,42.0,41.1,40.1,40.8,41.4,42.0,42.6,43.3,43.9,44.5,45.2,45.7,46.3,46.9,47.4,48.0,48.6,32.5,49.7,50.3,50.9,51.4,52.0,52.6,53.1,53.7,54.3,54.9,55.4,56.0,56.6,56.9,57.2,57.5,57.8,58.1,58.4,58.7,58.2,57.9,56.6,54.2,50.3,39.2,31.5,56.1,61.5,63.4,63.6,65.0,65.4,67.0,67.5,67.5,67.8,67.9,67.7,68.7,68.6,69.0,70.0,69.8,69.9,70.4,70.2,70.5,70.4,70.5,70.3,70.3,70.5,70.7,71.1,71.3,71.5,72.0,72.3,72.5,72.7,72.8,73.1,73.3,73.5,73.9,74.2,74.6,75.0,75.3,75.6,75.8,75.9,76.1,76.2,76.6,76.8,77.1,77.6,77.8,78.0,78.3,78.7,78.9,79.0,79.4,79.6,80.1,80.2,80.4,80.3,80.6,80.8,81.0,81.2,81.4,81.5,81.7,81.8,81.6926829268293,81.8951219512195,81.1926829268293,81.190243902439,81.2951219512195,81.5414634146342
Azerbaijan,AZE,30.7,30.9,31.1,31.4,31.6,31.8,32.1,32.3,32.5,32.8,33.0,35.9,36.3,34.1,33.7,33.3,33.3,30.4,21.6,31.3,29.4,32.3,33.3,34.3,36.7,35.8,38.9,38.2,39.7,38.5,37.8,36.1,33.6,26.3,40.0,41.5,43.1,42.1,43.8,46.1,43.6,29.4,26.0,24.0,31.0,40.7,50.3,42.5,50.3,53.0,55.2,55.4,55.8,56.1,56.5,56.9,57.3,57.6,58.0,58.4,58.7,59.1,59.5,59.9,60.2,60.6,61.0,61.4,61.7,62.0,62.3,63.0,63.6,64.3,65.0,65.5,66.1,66.4,66.6,66.7,66.7,66.6,66.9,67.0,66.8,67.1,67.1,67.2,67.1,67.5,67.4,66.8,64.6,64.5,63.5,65.0,65.3,65.6,65.9,66.3,66.8,67.2,67.3,67.2,67.4,67.5,68.0,68.5,68.8,69.1,69.3,69.5,69.8,70.1,70.3,70.5,70.6,70.8,73.016,73.29,70.312,70.999,74.125,74.429
Bahamas,BHS,35.1,35.1,35.1,35.1,35.1,35.1,35.1,35.1,35.1,35.1,35.1,35.0,35.0,35.0,35.0,35.0,35.0,35.0,22.7,35.0,35.0,35.0,35.8,36.7,37.5,38.3,39.1,39.9,40.8,41.6,42.4,43.2,44.0,44.9,45.7,46.5,47.3,48.1,49.0,49.8,50.6,51.4,52.2,53.0,53.9,54.7,55.5,56.3,57.1,58.0,58.8,59.0,59.4,59.8,60.2,60.6,61.0,61.3,61.7,62.0,62.4,62.7,63.0,63.4,63.7,64.0,64.3,64.5,64.8,65.1,65.4,65.8,66.2,66.8,67.2,67.3,67.7,67.9,68.1,68.4,68.6,68.9,69.2,69.5,69.8,69.8,69.9,70.2,70.5,70.9,71.1,71.3,71.2,71.0,70.8,70.8,70.5,71.3,71.8,71.1,71.5,71.6,72.4,72.9,72.9,73.4,73.0,73.5,73.5,73.3,73.4,73.4,73.4,73.5,73.5,73.3,73.6,73.7,74.062,71.408,72.994,70.752,74.491,74.552
Bahrain,BHR,30.6,30.6,30.6,30.6,30.6,30.6,30.6,30.6,30.7,30.7,30.7,30.7,30.7,30.7,30.7,30.7,30.7,30.7,25.5,30.8,30.8,30.8,30.8,30.8,30.8,30.8,30.8,30.8,30.9,30.9,30.9,30.9,30.9,30.9,30.9,30.9,31.7,32.4,33.2,33.9,34.7,35.4,36.2,36.9,37.7,38.4,39.2,39.9,40.7,41.4,42.2,42.6,43.5,44.5,45.6,46.7,47.9,49.2,50.5,51.9,53.3,54.7,56.1,57.5,58.9,60.1,61.3,62.4,63.5,64.5,65.4,66.1,66.7,67.4,68.0,68.5,69.1,69.6,70.1,70.6,71.1,71.7,71.6,71.4,71.3,71.6,71.1,70.7,70.6,70.6,70.5,70.5,70.4,70.6,70.8,71.0,71.2,71.4,71.7,72.4,72.6,73.7,74.2,74.2,74.4,75.1,75.7,76.5,77.1,77.8,78.2,78.5,78.7,78.9,79.2,79.3,79.4,79.5,80.412,80.471,78.683,78.083,80.992,81.284
Bangladesh,BGD,21.3,21.2,21.2,21.1,21.1,21.0,20.9,21.1,21.2,21.4,21.5,21.7,21.8,22.0,22.1,22.3,22.4,22.6,12.6,22.9,23.0,23.1,23.3,23.4,23.6,23.7,23.9,24.6,25.3,26.0,26.7,27.4,28.0,28.7,29.4,30.1,30.8,31.5,32.2,32.9,33.5,34.2,32.0,22.3,24.6,35.0,40.6,35.0,36.4,39.6,40.4,40.5,40.8,41.1,41.4,41.8,42.1,42.5,43.0,43.4,43.9,44.4,45.0,45.4,45.9,46.2,46.2,46.0,45.5,44.8,44.1,44.5,52.2,52.2,51.6,52.5,52.7,53.0,53.3,53.6,54.0,54.2,54.5,54.9,55.4,55.4,56.4,56.9,57.2,58.1,58.3,56.8,60.1,60.9,61.7,62.1,62.9,63.7,64.5,65.2,65.5,66.1,66.5,66.8,67.3,67.6,67.9,68.1,68.5,69.1,69.5,70.3,71.1,71.7,72.0,72.5,72.9,73.1,72.122,72.625,71.421,71.103,74.265,74.672
Barbados,BRB,32.8,32.8,32.8,32.8,32.9,32.9,32.9,32.9,32.9,33.0,33.0,33.0,33.0,33.0,33.1,33.1,33.1,33.1,21.5,33.2,33.2,33.2,34.1,35.0,35.9,36.7,37.6,38.5,39.4,40.3,41.1,42.0,42.9,43.8,44.7,45.6,46.5,47.4,48.3,49.2,50.1,51.0,51.9,52.8,53.7,54.6,55.5,56.4,57.3,58.2,59.1,59.4,60.0,60.7,61.3,61.9,62.4,63.0,63.6,64.1,64.7,65.2,65.7,66.2,66.7,67.2,67.7,68.2,68.6,69.1,69.5,69.9,70.2,70.5,70.8,71.2,71.4,71.7,72.1,72.5,72.9,73.2,73.4,73.4,73.5,73.5,73.5,73.5,73.6,73.7,73.8,73.8,73.9,74.0,73.8,74.0,74.4,74.4,74.5,74.7,74.8,75.3,75.3,75.4,75.5,75.5,75.8,76.1,76.3,76.7,76.7,76.8,77.1,77.1,77.1,77.1,77.1,77.1,76.378,76.495,76.647,76.58,75.676,76.178
Belarus,BLR,36.1,36.7,37.3,37.9,38.5,39.1,39.7,40.3,40.9,41.5,42.1,42.7,43.3,43.9,42.7,37.2,37.2,35.2,31.2,33.2,30.2,33.5,34.4,43.2,45.7,44.8,48.0,47.1,48.7,46.8,46.7,47.7,39.0,25.8,41.8,51.5,52.2,51.0,52.2,52.0,51.8,19.8,14.9,13.9,20.8,29.7,57.1,47.2,59.7,62.5,64.4,64.6,65.0,65.5,65.9,66.3,66.6,67.0,67.4,68.3,71.0,71.8,70.5,71.1,72.6,72.2,72.5,72.3,72.3,72.0,71.4,71.7,71.7,71.8,72.0,71.7,71.5,71.5,71.4,71.1,71.0,71.0,71.0,70.9,70.7,71.0,71.9,72.0,71.9,71.5,71.1,70.7,70.2,69.1,68.9,68.5,68.6,68.5,68.3,68.0,68.8,68.3,67.8,68.4,68.8,68.6,69.3,70.2,70.3,70.4,70.4,70.4,72.2,72.6,73.1,73.8,74.0,74.0,74.1756097560976,74.2268292682927,72.1385609756098,72.0714634146342,74.1033658536585,74.1837804878049
Belgium,BEL,46.6,49.5,49.2,49.3,49.3,50.0,49.8,51.1,49.7,50.7,51.4,49.3,52.3,52.5,42.0,40.0,42.0,43.0,35.0,49.9,53.7,54.8,55.2,56.8,57.5,57.2,57.0,57.2,57.6,55.1,57.2,58.5,58.6,58.8,60.5,60.0,60.0,60.0,60.2,60.0,56.0,59.0,59.2,60.4,57.0,58.4,62.0,63.5,65.0,65.5,66.4,66.8,68.0,68.4,68.7,68.6,68.9,69.3,70.0,70.4,69.7,70.6,70.3,70.1,70.8,70.6,70.7,71.0,70.7,70.8,71.0,71.2,71.4,71.7,71.9,72.1,72.4,72.7,72.9,73.1,73.3,73.5,73.7,73.9,74.3,74.6,74.9,75.2,75.6,75.8,76.0,76.3,76.4,76.5,76.6,76.9,77.2,77.4,77.6,77.7,77.8,78.1,78.3,78.5,79.0,79.2,79.6,79.6,79.6,79.8,80.1,80.2,80.3,80.5,80.9,80.9,81.2,81.4,81.5951219512195,81.9951219512195,80.6951219512195,81.790243902439,81.7487804878049,82.3975609756098
Belize,BLZ,26.6,26.6,26.6,26.7,26.7,26.7,26.7,26.7,26.7,26.7,26.7,27.3,27.8,28.4,29.0,29.6,30.1,30.7,27.1,31.8,32.4,33.0,33.6,34.1,34.7,35.3,35.9,36.4,37.0,37.6,38.2,38.7,39.3,39.9,40.5,41.4,42.4,43.3,44.2,45.2,46.1,47.1,48.0,49.0,49.9,50.9,51.8,52.8,53.7,54.6,55.6,55.9,56.5,57.0,57.6,58.2,58.7,59.3,59.8,60.4,61.0,61.5,62.1,62.7,63.3,63.9,64.5,65.1,65.7,66.2,66.8,67.2,67.5,67.8,68.2,68.5,68.7,69.0,69.2,69.5,69.6,69.8,70.0,70.4,70.9,71.3,71.6,71.9,72.1,71.9,72.0,72.3,72.3,72.2,72.1,72.0,71.5,71.1,69.8,70.4,70.3,70.9,71.3,71.5,71.8,72.3,72.6,73.2,73.5,73.5,73.6,73.8,74.0,74.1,74.1,74.0,74.1,74.2,72.322,72.577,71.58,70.917,72.19,73.566
Benin,BEN,32.0,32.0,32.1,32.1,32.1,32.2,32.2,32.2,32.3,32.3,32.4,32.4,32.4,32.5,32.5,32.5,32.5,32.6,12.6,32.6,32.7,32.7,32.8,32.8,32.8,32.9,32.9,32.9,33.0,33.0,33.0,33.0,33.1,33.1,33.1,33.2,33.2,33.3,33.3,33.3,33.4,33.4,33.4,33.5,33.5,33.8,34.2,34.5,34.9,35.2,35.5,35.9,36.4,37.0,37.6,38.2,38.7,39.3,39.8,40.4,40.9,41.5,42.0,42.6,43.1,43.7,44.4,45.0,45.6,46.3,47.0,47.4,48.0,48.5,49.0,49.3,49.7,50.0,50.4,50.8,51.3,51.8,52.2,52.7,53.0,53.5,54.0,54.5,54.9,55.1,55.2,55.5,56.0,56.4,56.5,56.7,56.8,57.0,57.2,57.4,57.5,57.7,58.1,58.4,58.8,59.2,59.6,60.0,60.5,61.0,61.4,61.8,62.2,62.6,63.0,63.5,64.1,64.6,59.71,59.888,60.154,59.61,60.475,60.774
Bhutan,BTN,31.6,31.7,31.8,31.9,31.9,32.0,32.1,32.2,32.3,32.4,32.5,32.6,32.7,32.8,32.9,33.0,33.1,33.1,21.3,33.3,33.4,33.5,33.6,33.7,33.8,33.9,34.0,34.1,34.2,34.3,34.4,34.4,34.5,34.6,34.7,34.8,34.9,35.0,35.1,35.2,35.3,35.4,35.5,35.5,35.6,35.7,35.8,35.9,36.0,36.1,36.2,36.5,37.1,37.6,38.2,38.8,39.3,39.9,40.5,41.1,41.7,42.3,42.9,43.5,44.0,44.6,45.3,46.1,46.9,47.8,48.8,49.5,50.0,50.5,50.9,51.2,51.6,52.0,52.5,52.9,53.3,53.9,54.5,55.2,55.9,56.4,57.2,57.9,58.6,59.3,60.0,60.6,61.2,61.9,62.3,63.1,63.9,64.5,65.2,65.9,65.7,67.1,67.8,68.3,68.8,69.3,69.8,70.3,70.8,71.1,71.6,72.1,72.5,72.8,73.1,73.5,73.8,74.0,71.711,72.005,72.253,72.448,72.754,72.975
Bolivia,BOL,33.9,33.9,33.9,34.0,34.0,34.0,34.0,34.1,34.1,34.1,34.2,34.2,34.2,34.3,34.3,34.3,34.3,34.4,30.4,34.4,34.5,34.5,34.5,34.5,34.6,34.6,34.6,34.7,34.7,34.7,34.8,34.8,34.8,34.8,34.9,34.9,34.9,35.0,35.0,35.0,35.0,35.8,36.6,37.3,38.1,38.8,39.6,40.4,41.1,41.9,42.7,42.9,43.2,43.5,43.9,44.2,44.6,45.0,45.3,45.7,46.0,46.4,46.8,47.2,47.6,47.9,48.3,48.7,49.0,49.4,49.8,50.4,51.1,51.7,52.3,53.0,53.6,54.1,54.6,55.3,55.9,56.4,56.7,57.0,57.7,58.2,58.8,59.2,59.6,60.2,60.9,61.3,61.8,62.3,63.0,63.6,64.2,64.7,65.3,65.9,66.5,67.2,67.6,68.1,68.5,69.0,69.4,69.7,70.1,70.5,70.8,71.1,71.4,71.7,71.9,72.2,72.5,72.8,67.699,67.82,62.906,61.427,67.434,68.581
Bosnia and Herzegovina,BIH,35.4,35.4,35.4,35.4,35.4,35.4,35.4,35.4,35.4,35.5,35.5,35.5,35.5,35.5,35.5,35.5,35.5,35.5,19.5,35.5,35.5,36.1,36.7,37.2,37.8,38.4,38.9,39.5,40.0,40.6,41.2,41.7,42.3,42.8,43.4,44.0,44.5,45.1,45.7,46.2,46.8,31.9,28.0,24.3,22.2,26.4,41.8,50.0,51.0,51.7,52.5,53.1,54.3,55.4,56.5,57.5,58.4,59.3,60.2,61.0,61.7,62.4,63.1,63.7,64.3,64.9,65.5,66.1,66.7,67.3,67.8,68.2,68.6,68.9,69.2,69.5,69.8,70.1,70.4,70.7,71.0,71.3,71.6,71.9,72.1,72.4,72.8,73.0,73.2,73.5,73.6,72.8,67.7,68.6,70.3,66.1,73.4,74.1,75.0,75.2,75.3,75.5,75.5,76.0,76.2,75.9,76.0,75.7,76.1,76.1,76.3,76.4,76.6,76.5,76.6,76.4,76.5,76.7,77.942,77.394,76.04,74.567,76.777,77.85
Botswana,BWA,33.8,33.8,33.8,33.8,33.8,33.8,33.8,33.8,33.8,33.8,33.8,33.9,33.9,33.9,33.9,33.9,33.9,33.9,11.0,33.9,33.9,33.9,33.9,33.9,33.9,33.9,33.9,33.9,34.0,34.0,34.0,34.0,34.0,34.0,34.0,34.0,34.0,34.0,34.0,34.0,34.0,34.0,34.0,34.0,34.0,34.0,36.7,39.4,42.1,44.8,47.5,47.7,48.1,48.6,49.0,49.4,49.8,50.3,50.7,51.1,51.5,51.8,52.2,52.6,52.9,53.3,53.7,54.1,54.6,55.1,55.7,56.3,56.9,57.5,58.1,58.6,59.1,59.6,60.0,60.3,60.8,61.3,61.7,62.1,62.5,63.0,63.4,63.8,63.9,63.9,63.5,63.0,62.3,61.6,60.8,59.9,59.0,57.9,56.6,55.3,54.0,52.8,51.9,51.4,51.6,52.7,54.2,55.8,57.0,58.4,60.2,61.6,63.2,64.5,65.8,66.9,68.1,69.1,66.371,67.167,67.643,63.303,68.749,69.163
Brazil,BRA,32.3,32.3,32.3,32.3,32.3,32.3,32.3,32.3,32.3,32.3,32.4,32.4,32.4,32.4,32.4,32.4,32.4,32.4,27.4,32.4,32.4,32.5,32.5,32.5,32.5,32.5,32.5,32.5,32.5,32.5,32.5,33.0,33.5,34.0,34.5,35.0,35.5,35.9,36.4,36.9,37.4,38.5,39.7,40.9,42.0,43.2,44.8,46.4,48.0,49.6,51.2,51.5,52.0,52.5,53.0,53.5,54.0,54.5,55.1,55.6,56.1,56.6,57.1,57.6,58.0,58.5,58.9,59.3,59.7,60.1,60.6,61.0,61.4,61.9,62.3,62.8,63.2,63.7,64.2,64.6,64.9,65.3,65.5,65.7,65.8,66.0,66.4,66.7,67.1,67.4,67.5,68.1,68.4,68.5,68.9,69.3,69.7,70.2,70.6,71.0,71.4,71.8,72.1,72.3,72.6,73.1,73.5,73.7,74.0,74.2,74.4,74.5,74.9,75.1,75.3,75.5,75.4,75.5,75.633,75.809,74.506,73.038,74.872,75.848
Brunei,BRN,28.6,28.6,28.6,28.6,28.6,28.5,28.5,28.5,28.5,28.5,28.4,28.4,29.1,29.8,30.4,31.1,31.7,32.4,26.8,33.7,34.4,35.0,35.7,36.3,37.0,37.6,38.3,39.0,39.6,40.3,40.9,41.5,42.2,42.8,43.5,44.1,44.8,45.4,46.0,46.7,47.3,48.0,48.6,49.2,49.9,50.5,51.1,51.8,52.4,53.0,53.7,53.9,54.5,55.0,55.5,56.1,56.6,57.2,57.7,58.2,58.8,59.3,59.7,60.2,60.6,61.0,61.4,61.8,62.1,62.5,62.8,63.4,64.3,65.3,66.2,66.3,66.4,66.3,66.3,66.6,67.0,67.3,67.6,68.2,68.8,69.2,69.6,69.9,70.3,70.4,70.5,70.7,71.1,71.6,71.9,72.3,72.7,73.1,73.4,73.7,73.8,74.0,74.2,74.4,74.5,74.7,74.8,74.9,75.0,75.0,75.1,75.0,75.0,75.0,75.1,75.1,75.2,75.3,74.992,75.049,75.114,74.869,72.917,75.327
Bulgaria,BGR,40.2,41.4,42.5,42.8,43.0,43.3,43.4,43.4,43.5,43.6,43.7,43.7,43.8,43.9,44.0,44.0,44.1,44.2,33.7,44.3,44.4,44.5,44.5,44.6,44.8,45.1,45.3,46.0,46.8,47.5,48.3,48.8,49.3,49.8,50.3,50.8,51.3,51.8,52.0,52.3,52.5,52.7,52.0,51.5,50.0,52.0,53.6,54.1,55.8,57.9,61.4,60.6,59.6,64.1,64.4,64.8,65.2,66.6,68.7,66.6,69.2,70.2,69.5,70.3,71.1,71.3,71.2,70.4,71.2,70.4,71.3,71.2,71.2,71.4,71.4,71.5,71.5,71.3,71.4,71.5,71.5,71.6,71.5,71.6,71.6,71.6,71.8,71.8,71.8,71.8,71.7,71.9,71.4,71.5,70.9,71.0,71.0,70.4,70.9,71.5,71.6,71.9,72.2,72.4,72.5,72.6,72.7,73.0,73.3,73.6,73.8,74.1,74.5,74.8,74.5,74.8,74.9,74.9,74.9634146341464,75.1121951219512,73.3560975609756,71.2121951219512,74.1609756097561,75.7073170731707
Burkina Faso,BFA,30.4,30.5,30.5,30.5,30.6,30.6,30.7,30.7,30.7,30.8,30.8,30.9,30.9,30.9,31.0,31.0,31.1,31.1,12.0,31.2,31.2,31.3,31.3,31.4,31.4,31.4,31.5,31.5,31.6,31.6,31.6,31.7,31.7,31.8,31.8,31.8,31.9,31.9,31.9,32.0,32.0,32.1,32.1,32.2,32.2,32.2,32.5,32.7,32.9,33.1,33.3,33.6,34.2,34.8,35.4,35.9,36.5,37.0,37.6,38.2,38.7,39.3,39.9,40.5,41.1,41.7,42.3,42.8,43.4,44.0,44.5,44.7,45.2,45.4,45.8,46.2,46.6,46.9,47.4,47.9,48.4,48.8,49.1,49.4,49.8,50.2,50.4,50.5,50.4,50.7,50.8,50.7,50.6,50.6,50.5,50.5,50.3,50.8,51.4,51.9,52.4,52.8,53.4,54.0,54.6,55.3,55.9,56.5,57.2,57.8,58.3,58.8,59.2,59.7,60.2,60.7,61.2,61.7,59.972,60.184,60.454,60.046,60.7,61.092
Burundi,BDI,31.8,31.8,31.9,31.9,31.9,31.9,31.9,31.9,31.9,31.9,31.9,31.9,32.0,32.0,32.0,32.0,32.0,32.0,12.4,32.0,32.0,28.5,24.9,32.1,32.1,28.5,26.5,25.0,26.5,26.5,32.2,32.2,32.2,32.2,32.2,32.2,32.2,32.2,32.2,32.3,32.3,32.3,32.3,30.9,17.9,32.3,33.8,35.2,36.6,38.1,39.5,39.7,40.0,40.3,40.6,41.0,41.3,41.6,41.9,42.3,42.6,42.9,43.3,43.6,43.9,44.3,44.5,44.8,45.0,45.2,45.4,45.6,18.5,45.8,45.9,45.9,46.0,46.3,46.5,46.8,47.0,47.3,47.6,47.9,48.1,48.3,48.4,48.6,48.7,48.7,48.7,48.5,48.4,48.3,44.7,44.3,43.9,43.6,44.3,44.6,44.9,45.7,46.6,47.5,48.7,49.7,53.8,54.9,56.0,56.9,57.8,58.6,59.3,59.9,60.5,60.8,61.2,61.5,61.806,62.18,62.569,62.101,62.882,63.651
Cambodia,KHM,35.8,35.8,35.9,35.9,35.9,36.0,36.0,36.0,36.0,36.1,36.1,36.1,36.1,36.2,36.2,36.2,36.3,36.3,23.3,36.3,36.4,36.4,36.4,36.4,36.5,36.5,36.5,36.5,36.6,36.6,36.6,36.7,36.7,36.7,36.7,36.8,36.8,36.8,36.9,36.9,35.9,35.5,35.4,35.3,33.3,29.6,37.1,38.4,39.6,41.0,42.3,42.4,42.7,43.0,43.2,43.4,43.6,43.7,43.8,44.0,44.1,44.3,44.5,44.7,45.0,45.2,45.5,45.7,45.9,45.7,44.9,45.2,45.4,45.4,45.4,24.9,24.8,24.6,24.3,24.1,52.8,53.1,53.4,53.7,54.1,54.4,54.7,56.6,57.2,57.3,57.6,58.0,58.3,58.4,58.4,58.7,58.8,59.1,59.4,59.8,60.2,60.8,61.5,62.1,62.9,63.7,64.5,65.3,66.0,66.6,67.1,67.6,68.2,68.6,69.0,69.3,69.6,69.9,69.993,70.127,70.059,69.301,70.528,70.668
Cameroon,CMR,29.7,29.7,29.7,29.8,29.8,29.8,29.9,29.9,29.9,29.9,30.0,30.0,30.0,30.1,30.1,30.1,30.2,30.2,5.95,30.3,30.3,30.3,30.4,30.4,30.4,30.4,30.5,30.5,30.5,30.6,30.6,30.6,30.6,30.7,30.7,30.8,30.8,30.8,30.8,30.9,30.9,30.9,31.0,31.0,31.0,31.1,33.1,35.1,37.1,39.1,41.1,41.3,41.7,42.1,42.6,43.0,43.5,44.0,44.5,45.0,45.5,46.1,46.6,47.1,47.6,48.2,48.7,49.3,49.8,50.4,51.0,51.3,51.8,52.1,52.5,52.9,53.2,53.6,54.1,54.5,54.9,55.3,55.7,56.2,56.5,57.0,57.1,57.6,57.8,57.8,57.7,57.4,57.1,56.8,56.5,56.2,55.9,55.6,55.3,55.1,54.8,54.7,54.6,54.6,54.6,54.9,55.3,55.7,56.3,56.9,57.7,58.4,59.2,59.9,60.5,61.2,62.1,63.0,61.189,61.695,61.674,61.146,62.443,63.7
Canada,CAN,48.3,48.6,49.0,49.4,49.8,50.2,50.6,51.0,51.4,51.7,52.1,52.5,53.0,53.4,53.9,54.3,54.8,55.2,47.2,56.1,56.6,57.0,57.0,57.0,58.8,59.3,58.0,58.7,58.6,58.0,59.0,60.4,61.4,62.4,62.8,62.5,62.7,61.4,63.3,63.7,64.0,63.8,64.7,64.6,65.3,66.3,66.5,66.8,67.3,67.7,68.3,68.5,68.8,69.1,70.0,70.0,70.0,70.0,70.6,70.7,71.0,71.3,71.3,71.3,71.7,71.8,71.9,72.1,72.3,72.5,72.7,72.8,72.9,73.1,73.3,73.6,73.9,74.2,74.5,74.9,75.2,75.5,75.8,76.0,76.3,76.4,76.6,76.7,76.9,77.1,77.3,77.6,77.7,77.7,77.9,78.0,78.2,78.5,78.7,78.9,79.2,79.5,79.6,79.8,80.1,80.2,80.6,80.7,80.8,81.1,81.4,81.7,81.7,81.9,81.8,81.7,81.9,82.0,81.8087804878049,82.1636585365854,81.5351219512195,81.5168292682927,81.2453658536585,81.6465853658537
Cape Verde,CPV,35.2,35.3,35.3,35.4,35.4,35.5,35.5,35.6,35.6,35.7,35.7,35.8,35.8,35.9,35.9,36.0,36.0,36.1,14.0,36.2,36.2,36.3,36.3,36.4,36.4,36.5,36.5,36.5,36.6,36.6,36.7,36.7,36.8,36.8,36.9,36.9,38.0,39.1,40.1,41.2,42.3,43.4,44.5,45.6,46.6,47.7,48.8,49.9,51.0,52.1,53.2,53.4,53.6,53.8,54.0,54.3,54.5,54.7,54.9,55.1,55.4,55.5,55.7,55.9,56.1,56.4,56.8,57.3,57.9,58.7,59.6,59.4,61.0,62.0,63.2,63.8,64.6,65.7,66.5,67.2,67.6,67.6,67.6,67.7,67.5,68.0,68.4,68.9,69.3,69.8,70.3,70.3,70.4,70.4,70.5,69.2,70.4,70.6,70.8,70.7,71.2,71.5,71.7,72.0,72.3,72.5,72.9,73.0,73.7,74.0,74.3,74.5,74.7,75.0,75.2,75.3,75.5,75.8,74.84,75.449,73.818,74.424,75.907,76.059
Central African Republic,CAF,31.1,31.2,31.2,31.3,31.3,31.3,31.4,31.4,31.4,31.5,31.5,31.6,31.6,31.6,31.7,31.7,31.7,31.8,12.3,31.9,31.9,31.9,32.0,32.0,32.0,32.1,32.1,32.2,32.2,32.2,32.3,32.3,32.4,32.4,32.4,32.5,32.5,32.5,32.6,32.6,32.6,32.7,32.7,32.8,32.8,32.8,32.9,33.6,34.4,35.1,35.9,36.2,36.7,37.2,37.7,38.2,38.7,39.1,39.6,40.1,40.6,41.1,41.7,42.2,42.8,43.4,44.0,44.8,45.5,46.4,47.3,47.3,47.3,47.3,47.4,47.4,47.6,47.8,48.0,48.3,48.6,48.9,49.1,49.0,49.0,48.9,48.8,48.6,48.0,47.6,47.2,46.9,46.5,46.1,45.8,45.4,45.0,44.7,44.6,44.4,44.3,44.3,44.4,44.7,44.9,45.2,45.6,46.0,46.7,47.4,48.0,48.8,49.6,48.5,48.7,50.9,51.7,51.9,52.297,31.53,50.596,40.279,18.818,57.408
Chad,TCD,32.7,32.8,32.8,32.9,32.9,33.0,33.0,33.1,33.2,33.2,33.3,33.4,33.4,33.5,33.5,33.6,33.6,33.7,19.8,33.8,33.9,33.9,34.0,34.1,34.1,34.2,34.2,34.3,34.4,34.4,34.5,34.5,34.6,34.7,34.7,34.8,34.8,34.9,35.0,35.0,35.1,35.1,35.2,35.3,35.3,35.4,36.5,37.6,38.8,39.9,41.0,41.3,41.6,42.0,42.4,42.7,43.1,43.5,43.9,44.3,44.6,45.0,45.4,45.8,46.2,46.6,47.0,47.5,48.1,48.7,49.3,49.1,50.0,50.9,51.0,51.3,51.0,51.2,51.4,51.4,51.4,51.1,51.0,51.3,51.6,52.5,52.5,51.3,53.6,53.7,53.4,53.5,53.3,53.5,53.3,53.2,52.7,52.5,52.3,52.3,52.1,52.3,52.5,52.6,53.0,53.6,53.7,54.6,55.1,55.8,56.4,56.9,57.5,58.1,58.7,59.2,59.7,60.0,52.447,52.993,53.082,53.136,54.528,55.069
Chile,CHL,32.2,32.2,32.2,31.9,31.6,31.3,31.0,30.7,31.0,31.3,31.6,31.9,32.1,32.2,32.3,32.3,32.4,32.5,28.5,32.2,32.1,32.0,31.9,33.0,34.1,35.2,36.3,37.4,37.7,38.1,38.4,38.8,39.1,39.2,39.3,39.4,39.5,39.6,40.6,41.6,42.6,43.6,44.6,45.4,46.1,47.0,47.8,48.5,50.7,52.9,55.1,55.2,55.5,55.7,56.0,56.3,56.6,56.9,57.2,57.6,57.9,58.3,58.8,59.2,59.7,60.3,60.8,61.4,61.9,62.5,63.1,63.4,63.6,64.2,66.0,66.8,67.2,67.8,68.5,69.0,69.9,70.8,71.1,71.1,71.3,71.8,72.6,73.1,73.1,73.0,73.2,74.2,74.9,74.9,75.0,75.1,75.4,75.8,76.0,76.3,76.9,76.8,77.3,77.3,77.5,77.9,78.2,78.4,78.8,78.6,78.6,79.0,79.3,79.3,79.6,79.6,79.7,79.7,80.559,80.324,79.349,78.876,79.176,81.167
China,CHN,32.0,32.0,32.0,32.0,32.0,32.0,32.0,32.0,32.0,32.0,32.0,32.0,32.0,32.0,32.0,32.0,32.0,32.0,22.4,32.0,32.0,32.0,32.0,32.0,32.0,32.0,32.3,25.6,33.0,29.8,33.8,34.2,34.6,35.0,35.4,35.8,36.2,34.0,33.8,34.1,34.3,34.0,32.0,29.0,35.0,37.0,38.5,39.5,40.0,40.5,41.5,42.5,43.5,44.5,46.4,48.0,50.4,50.5,50.1,38.3,31.6,34.0,44.4,51.8,53.2,55.5,56.7,58.3,59.3,60.9,62.5,63.1,63.7,64.2,64.5,64.8,64.4,65.2,65.5,65.6,65.8,65.9,66.5,66.9,67.3,67.7,68.0,68.3,68.3,68.4,68.7,68.8,69.1,69.4,69.7,70.0,70.4,70.8,71.3,71.7,72.1,72.6,73.0,73.4,73.7,74.2,74.9,75.4,75.4,75.7,75.8,76.0,76.2,76.5,76.5,76.5,76.7,77.1,77.709,77.94,78.019,78.117,78.202,77.953
Colombia,COL,32.8,32.8,32.9,32.9,32.9,32.9,33.0,33.0,33.0,33.0,33.1,33.1,33.1,33.1,33.2,33.2,33.2,33.3,29.4,33.3,33.3,33.4,33.4,33.4,33.5,33.5,33.5,33.5,33.5,33.6,33.6,34.2,34.9,35.5,36.1,36.8,37.4,38.0,38.7,39.6,40.6,41.6,42.5,43.5,44.5,45.6,46.8,48.0,49.2,50.4,51.6,52.3,53.6,54.8,55.9,57.0,57.9,58.8,59.6,60.4,61.0,61.6,62.2,62.8,63.3,63.8,64.3,64.7,65.2,65.6,66.0,66.0,65.5,65.4,65.7,66.5,67.0,67.9,68.1,68.3,69.0,69.5,70.0,70.2,70.6,68.0,70.6,70.6,70.8,71.0,71.4,70.9,71.0,71.5,71.7,72.0,72.3,73.2,73.7,73.9,74.1,74.3,73.3,75.1,75.6,76.4,76.6,77.3,77.6,77.7,78.1,78.9,79.3,79.6,80.0,80.0,80.0,80.1,76.579,76.793,74.757,72.698,76.508,77.725
Comoros,COM,32.7,32.7,32.7,32.8,32.8,32.8,32.8,32.9,32.9,32.9,32.9,32.9,33.0,33.0,33.0,33.0,33.0,33.0,12.8,33.1,33.1,33.1,33.1,33.2,33.2,33.2,33.2,33.3,33.3,33.3,33.3,33.3,33.4,33.4,33.4,33.4,33.4,33.5,33.5,33.5,33.5,33.5,33.5,33.6,33.6,33.6,35.3,37.0,38.7,40.4,42.1,42.3,42.6,43.0,43.4,43.8,44.2,44.6,45.0,45.5,45.9,46.4,46.8,47.3,47.7,48.1,48.6,49.1,49.6,50.2,50.7,51.1,51.5,51.8,52.2,52.5,52.8,53.1,53.4,53.7,54.0,54.4,54.9,55.1,55.7,56.1,56.5,56.9,57.5,57.7,58.1,58.5,58.9,59.3,59.5,59.9,59.3,60.2,60.3,61.3,61.6,62.5,62.9,63.6,64.1,64.5,64.8,65.0,65.8,65.4,66.5,66.3,66.9,67.3,67.7,68.0,68.3,68.6,65.401,65.662,65.756,65.201,66.481,66.777
"Congo, Dem. Rep.",COD,33.0,33.0,33.1,33.1,33.2,33.2,33.3,33.3,33.4,33.4,33.5,33.5,33.6,33.6,33.6,33.7,33.8,33.8,9.7,33.9,33.9,34.0,34.0,34.1,34.1,34.2,34.2,34.3,34.3,34.4,34.4,34.5,34.5,34.5,34.6,34.6,34.7,34.7,34.8,34.8,34.9,35.7,36.5,37.3,38.0,38.8,39.6,40.5,41.3,42.1,42.9,43.1,43.6,44.0,44.5,44.9,45.3,45.6,45.9,46.3,46.6,46.9,47.2,47.5,47.8,48.2,48.6,49.0,49.5,49.9,50.4,50.7,50.9,51.2,51.5,51.7,51.9,52.1,52.3,52.5,52.7,52.9,53.2,53.5,54.0,54.3,54.4,54.3,54.3,54.1,53.9,53.8,53.8,53.6,53.5,53.5,51.8,51.9,53.1,53.4,53.8,54.1,54.3,54.6,55.3,55.9,56.3,56.6,56.8,57.1,57.9,58.5,59.0,59.8,60.5,61.3,61.9,62.4,59.926,60.242,60.428,60.044,60.979,61.895
"Congo, Rep.",COG,31.8,31.8,31.8,31.7,31.7,31.7,31.6,31.6,31.6,31.6,31.5,31.5,31.5,31.4,31.4,31.4,31.4,31.3,12.1,31.3,31.2,31.2,31.2,31.1,31.1,31.1,31.1,31.0,31.0,31.0,30.9,30.9,30.9,30.9,30.8,30.8,30.8,30.7,30.7,30.7,30.6,30.6,30.6,30.6,30.5,30.5,32.1,33.8,35.4,37.0,38.6,39.0,39.6,40.3,41.0,41.6,42.3,42.9,43.5,44.1,44.7,45.2,45.8,46.2,46.7,47.1,47.5,47.8,48.1,48.4,48.6,49.0,49.4,49.8,50.3,50.8,51.2,51.5,51.8,52.3,52.8,53.3,53.8,54.2,54.5,54.7,54.7,54.6,54.4,54.2,53.8,53.5,53.3,52.6,52.4,52.2,52.0,46.6,50.1,51.9,52.8,53.6,54.3,54.8,55.6,56.3,57.1,57.6,58.3,59.1,59.8,60.4,60.8,61.3,61.8,62.2,62.5,62.6,64.472,63.152,64.391,64.192,65,65.772
Costa Rica,CRI,35.0,35.1,35.1,35.2,35.2,35.3,35.3,35.4,35.4,35.5,35.5,35.5,35.6,35.6,35.6,35.6,35.6,35.6,31.5,35.6,35.6,36.4,37.1,37.9,38.6,39.3,40.0,40.8,41.5,42.3,43.0,43.5,44.0,44.5,45.0,45.5,46.0,46.4,46.9,47.4,47.9,48.9,49.8,50.8,51.8,52.7,53.7,54.6,55.6,56.5,57.5,57.8,58.4,59.0,59.6,60.3,60.9,61.5,62.1,62.7,63.3,63.9,64.5,65.1,65.7,66.3,66.8,67.3,67.8,68.4,68.9,69.4,70.0,70.6,71.2,71.8,72.4,73.0,73.6,74.1,74.5,74.9,75.2,75.5,75.7,75.9,76.0,76.2,76.3,76.4,76.5,76.5,76.6,76.7,76.4,76.3,76.8,77.0,77.2,77.3,77.9,78.0,78.3,78.4,78.5,79.3,79.2,80.2,80.2,80.3,79.4,79.8,80.0,80.1,80.1,79.9,79.5,79.5,80.09,80.296,79.725,78.05,79.316,80.799
Cote d'Ivoire,CIV,32.7,32.7,32.8,32.8,32.9,32.9,33.0,33.0,33.1,33.1,33.2,33.2,33.3,33.3,33.4,33.4,33.5,33.5,13.0,33.6,33.7,33.7,33.8,33.8,33.9,33.9,34.0,34.0,34.1,34.1,34.2,34.2,34.3,34.3,34.4,34.4,34.5,34.5,34.6,34.6,34.7,34.7,34.8,34.8,34.9,35.0,35.0,35.0,35.1,35.1,35.2,35.5,36.1,36.7,37.4,38.1,38.9,39.7,40.5,41.4,42.3,43.1,43.9,44.7,45.5,46.3,47.1,47.9,48.8,49.8,50.8,51.4,51.9,52.4,52.9,53.4,53.9,54.4,54.9,55.4,55.8,56.1,56.1,56.2,56.1,56.2,56.2,55.9,55.5,55.1,54.8,54.2,53.5,52.8,52.2,51.7,51.6,51.7,51.8,52.0,52.3,52.7,52.9,53.3,53.7,54.2,54.9,55.5,56.3,57.0,57.4,58.0,58.9,59.6,60.2,61.0,61.7,62.5,59.795,60.274,60.14,60.29,61.562,61.944
Croatia,HRV,36.1,36.1,36.1,36.1,36.1,36.1,36.1,36.1,36.1,36.1,36.1,36.1,36.1,36.1,36.1,36.1,36.1,36.1,14.0,36.1,36.1,36.9,37.7,38.5,39.3,40.1,40.9,41.7,42.5,43.3,44.1,44.9,45.7,46.5,47.3,48.1,48.9,49.7,50.5,51.3,52.1,41.6,38.1,35.7,34.1,36.7,50.0,56.9,58.4,59.3,60.2,60.4,60.9,61.4,61.9,62.4,62.9,63.3,63.8,64.2,64.6,65.0,65.4,65.8,66.2,66.5,66.9,67.2,67.6,67.9,68.3,68.6,68.9,69.1,69.3,69.7,69.8,70.1,70.3,70.6,70.8,70.9,71.1,71.2,71.3,71.4,71.5,71.7,72.0,72.3,72.5,71.0,71.8,72.8,73.4,73.1,73.5,73.4,73.8,74.0,74.5,74.8,74.9,74.9,75.5,75.5,75.8,75.7,75.8,76.4,76.8,77.0,77.3,77.8,77.8,77.6,78.3,78.5,77.919512195122,78.2243902439024,77.5243902439024,76.4243902439025,77.5756097560976,78.4731707317073
Cuba,CUB,33.4,33.6,33.9,34.1,34.3,34.5,34.8,35.0,35.2,35.4,35.6,35.9,36.1,36.3,36.6,36.8,37.0,37.3,24.2,37.7,38.0,38.3,38.5,38.8,39.1,39.4,40.0,40.5,41.1,41.7,42.3,42.9,43.5,44.2,44.8,45.5,46.1,46.7,47.3,47.9,48.5,49.2,49.9,50.7,51.4,52.1,53.6,55.1,56.6,58.1,59.7,60.0,60.6,61.2,61.8,62.5,63.1,63.7,64.3,65.0,65.6,66.3,66.9,67.6,68.2,68.9,69.6,70.2,70.8,71.4,72.0,72.3,72.7,73.0,73.2,73.4,73.6,73.7,73.8,74.1,74.1,74.3,74.4,74.5,74.5,74.5,74.6,74.6,74.6,74.7,74.8,74.9,74.9,74.8,74.8,75.1,75.5,75.9,76.1,76.4,76.8,77.1,77.8,77.8,77.7,77.6,78.3,78.3,78.3,78.3,78.3,78.8,78.6,78.6,78.5,78.2,78.3,78.4,77.426,77.413,77.407,73.201,77.629,78.085
Cyprus,CYP,41.5,42.2,42.8,43.4,44.1,44.7,44.9,45.2,45.4,45.6,45.9,46.1,46.4,46.6,46.8,47.1,47.2,47.3,25.9,47.4,47.5,47.6,47.7,47.8,47.9,48.0,48.0,48.0,47.9,47.9,47.9,47.9,47.9,47.9,47.9,47.9,47.9,47.9,48.7,49.5,50.3,51.1,51.9,52.7,54.5,56.2,57.9,59.7,61.4,63.1,64.9,65.1,65.5,65.9,66.3,66.7,67.1,67.5,67.8,68.1,68.5,68.8,69.1,69.4,69.7,69.9,70.2,70.5,70.7,71.0,71.2,71.5,71.7,71.8,52.1,72.1,72.2,73.1,73.5,74.0,73.8,74.3,74.4,74.8,74.8,75.0,75.3,75.1,75.4,75.6,75.9,76.1,76.3,76.5,76.7,76.8,76.8,76.6,76.5,76.7,76.8,77.0,77.2,77.4,77.6,77.9,78.4,78.8,79.3,79.7,80.1,80.5,80.9,81.1,81.3,81.5,81.7,81.7,81.556,81.454,81.23,80.573,80.434,81.648
Czech Republic,CZE,40.2,40.6,41.0,41.4,41.8,42.2,42.6,43.0,43.5,43.9,44.3,44.8,45.4,45.9,46.5,47.0,47.6,48.2,35.7,49.3,49.9,50.4,51.0,51.5,52.1,52.6,53.2,53.8,54.3,54.9,55.4,55.9,56.3,56.7,57.1,57.5,57.9,58.3,58.8,59.1,58.9,58.6,56.7,51.9,46.8,44.8,57.9,61.8,62.8,63.8,64.3,65.1,66.7,67.4,67.9,68.8,69.2,68.8,69.7,69.7,70.3,70.4,69.7,70.2,70.4,70.0,70.3,70.2,69.7,69.2,69.3,69.4,69.6,69.7,69.9,70.1,70.2,70.3,70.4,70.4,70.2,70.3,70.4,70.4,70.6,70.8,70.9,71.1,71.3,71.4,71.5,72.0,72.3,72.9,73.1,73.3,73.9,74.0,74.6,74.8,75.0,75.3,75.5,75.5,76.0,76.3,76.8,77.0,77.2,77.5,77.7,77.9,78.1,78.4,78.8,78.8,79.0,79.2,79.0292682926829,79.2292682926829,78.2268292682927,77.2219512195122,78.9292682926829,79.8780487804878
Denmark,DNK,51.9,52.6,54.7,54.8,55.8,54.4,56.5,56.1,54.9,57.4,58.0,56.9,58.0,58.9,58.5,58.4,56.9,57.2,56.2,56.9,57.5,61.7,60.6,61.1,61.1,61.9,61.6,61.1,61.8,61.9,62.2,61.8,62.6,63.5,64.0,62.8,63.4,63.9,64.9,65.7,66.1,65.9,67.0,67.3,66.3,65.9,67.1,68.4,70.0,70.0,70.2,70.8,70.6,71.0,71.2,71.7,71.9,71.6,72.0,72.0,72.0,72.3,72.2,72.2,72.3,72.2,72.3,72.8,73.0,73.0,73.2,73.3,73.4,73.6,73.8,73.9,74.0,74.3,74.3,74.2,74.2,74.3,74.4,74.4,74.5,74.5,74.7,74.8,74.9,74.9,75.0,75.3,75.4,75.4,75.3,75.5,75.8,76.2,76.6,76.3,77.0,77.2,77.2,77.5,77.8,78.3,78.3,78.4,78.8,79.0,79.3,79.8,80.1,80.4,80.7,80.9,80.8,80.8,80.9536585365854,81.4512195121951,81.6024390243903,81.4048780487805,81.3048780487805,81.8536585365854
Djibouti,DJI,31.6,31.7,31.8,31.8,31.9,31.9,32.0,32.0,32.1,32.2,32.2,32.3,32.3,32.4,32.5,32.5,32.6,32.6,12.6,32.7,32.8,32.9,32.9,33.0,33.0,33.1,33.1,33.2,33.3,33.3,33.4,33.4,33.5,33.5,33.6,33.7,33.7,33.8,33.8,33.9,34.0,34.0,34.1,34.1,34.2,34.2,36.7,39.2,41.6,44.1,46.6,46.9,47.3,47.8,48.3,48.8,49.4,49.9,50.5,51.1,51.7,52.3,52.9,53.5,54.0,54.6,55.3,56.1,56.9,57.8,58.7,58.3,59.2,59.5,59.6,59.7,60.0,60.1,60.0,59.6,60.0,59.8,59.9,59.9,59.9,60.0,60.1,60.2,60.2,60.3,60.1,60.1,58.7,60.0,59.5,60.3,60.3,60.1,60.3,60.4,60.5,60.8,60.9,61.0,61.1,61.6,61.5,62.3,62.8,63.3,63.8,64.3,64.8,65.3,65.8,66.3,66.9,67.3,64.105,64.381,64.2,63.83,65.54,65.987
Dominican Republic,DOM,31.1,31.1,31.1,31.2,31.2,31.3,31.3,31.3,31.4,31.4,31.4,31.5,31.5,31.6,31.6,31.6,31.7,31.7,20.6,31.8,31.8,31.9,31.9,31.9,32.0,32.0,32.0,32.1,32.1,32.2,32.2,32.3,32.3,32.3,32.4,32.4,33.5,34.6,35.6,36.7,37.8,38.9,40.0,41.1,42.2,43.3,44.4,45.5,46.6,47.8,48.9,49.4,50.4,51.3,52.3,53.2,54.1,55.1,56.0,56.9,57.8,58.7,59.5,60.4,61.2,62.1,62.9,63.7,64.5,65.2,66.0,66.4,66.8,67.4,67.8,68.2,68.6,69.0,69.5,69.1,70.3,70.6,70.9,71.0,71.1,71.1,71.1,71.1,71.4,71.7,72.0,72.4,72.9,73.2,73.4,73.5,73.4,73.4,73.3,73.6,73.9,74.0,74.1,73.8,73.1,73.2,73.2,73.5,73.8,74.0,74.0,73.9,73.6,73.2,73.0,72.8,72.8,73.1,73.555,73.112,72.636,71.757,74.211,73.72
Ecuador,ECU,33.9,33.9,34.0,34.0,34.0,34.1,34.1,34.1,34.1,34.2,34.2,34.3,34.3,34.3,34.4,34.4,34.4,34.5,30.5,34.5,34.5,34.6,34.6,34.6,34.7,34.7,34.8,34.8,34.8,34.9,34.9,34.9,35.0,35.0,35.0,35.0,35.1,35.1,35.1,35.2,36.6,38.0,39.5,40.9,42.4,43.8,45.3,46.7,48.2,49.6,51.1,51.4,52.0,52.7,53.4,54.1,54.8,55.6,56.4,57.2,58.0,58.7,59.4,60.0,60.6,61.2,61.7,62.1,62.6,63.1,63.6,64.0,64.3,64.8,65.3,65.8,66.3,66.8,67.3,67.8,68.3,68.8,69.3,69.6,70.0,70.4,70.8,69.6,71.4,71.7,72.0,71.5,71.9,72.4,73.1,73.4,73.3,73.8,73.7,73.9,74.2,74.8,74.3,74.2,74.2,74.0,74.1,74.2,74.2,74.5,74.7,75.0,75.4,75.9,76.3,76.6,76.5,76.7,77.248,77.286,72.004,72.746,76.577,77.392
Egypt,EGY,32.7,32.7,32.7,32.7,32.7,32.7,32.7,32.7,32.7,32.7,32.6,32.6,32.6,32.6,32.6,32.6,32.6,32.6,24.9,32.6,32.6,32.5,32.5,32.5,32.5,32.5,32.5,32.5,30.2,30.1,34.8,32.0,30.5,31.8,31.0,32.6,30.8,33.9,34.2,35.3,33.8,35.0,29.9,29.2,32.7,31.6,33.7,35.4,35.5,35.9,37.6,38.3,39.7,40.9,42.1,43.1,44.1,44.9,45.6,46.3,46.9,47.5,48.0,48.4,48.9,49.3,49.7,50.0,50.3,50.5,50.8,51.7,51.9,52.3,53.3,54.0,54.7,55.4,56.3,57.3,58.0,58.3,58.9,59.5,60.3,60.2,61.0,61.4,63.1,63.7,64.4,64.9,65.5,65.7,66.0,66.6,67.1,67.4,67.8,68.2,68.7,68.5,68.4,68.4,68.6,68.8,68.9,69.3,69.4,69.3,69.4,69.6,69.8,70.2,70.5,70.2,70.5,70.6,70.974,71.213,69.79,68.976,71.01,71.633
El Salvador,SLV,29.2,29.2,29.2,29.2,29.3,29.3,29.3,29.3,29.3,29.3,29.4,29.4,29.4,29.4,29.4,29.4,29.4,29.5,26.1,29.5,29.5,29.5,29.6,29.6,29.6,29.6,29.6,29.6,29.6,29.7,29.7,30.4,31.2,32.0,32.8,33.5,34.3,35.1,35.9,36.6,37.4,38.2,39.0,39.8,40.5,41.3,42.1,42.9,43.7,44.5,45.2,45.7,46.7,47.7,48.6,49.5,50.5,51.4,52.3,53.1,53.9,54.7,55.5,56.2,56.9,57.5,58.0,58.5,59.0,59.4,59.7,60.3,60.7,61.6,62.2,62.8,63.5,64.1,64.7,65.2,65.8,59.5,63.4,62.0,63.9,65.6,65.5,67.0,68.4,66.8,69.2,69.7,69.8,70.1,69.9,70.8,71.0,71.2,71.2,71.8,72.4,72.3,73.1,73.0,72.5,72.4,72.9,72.4,73.0,72.8,73.4,73.5,72.8,72.7,72.2,72.1,73.8,74.0,71.384,71.725,70.244,69.941,71.969,72.099
Equatorial Guinea,GNQ,30.8,30.9,30.9,30.9,31.0,31.0,31.0,31.1,31.1,31.1,31.2,31.2,31.2,31.3,31.3,31.3,31.4,31.4,12.2,31.5,31.5,31.5,31.6,31.6,31.6,31.7,31.7,31.8,31.8,31.8,31.9,31.9,31.9,31.9,32.0,32.0,32.1,32.1,32.1,32.2,32.2,32.2,32.3,32.3,32.3,32.4,33.3,34.2,35.1,36.1,37.0,37.2,37.6,37.9,38.3,38.7,39.0,39.4,39.8,40.2,40.5,40.9,41.3,41.7,42.0,42.4,42.8,43.2,43.5,43.9,44.3,44.6,44.8,45.2,45.5,46.1,46.7,47.3,47.9,44.4,48.7,49.1,49.4,49.5,49.4,49.5,49.4,49.1,48.9,48.6,48.3,48.1,48.3,48.3,48.3,48.5,49.1,51.4,52.8,54.1,55.6,57.3,58.6,59.3,59.9,60.2,61.0,61.4,61.6,61.9,62.2,62.3,62.6,63.4,64.3,64.7,65.0,65.5,61.915,62.297,62.141,62.447,63.355,63.707
Eritrea,ERI,30.7,30.7,30.7,30.7,30.7,30.7,30.8,30.8,30.8,30.8,30.8,30.8,30.9,30.9,30.9,30.9,30.9,30.9,12.0,31.0,31.0,31.0,31.0,31.0,31.0,31.1,31.1,31.1,31.1,31.1,31.1,31.1,31.2,31.2,31.2,31.2,31.2,31.2,31.3,31.3,31.3,31.3,31.3,31.3,31.3,31.4,32.5,33.6,34.7,35.8,36.9,37.0,37.2,37.5,37.7,37.9,38.1,38.4,38.6,38.8,39.1,39.4,39.6,39.9,40.3,40.6,41.0,41.4,41.8,42.2,42.6,42.9,43.3,43.6,43.9,44.2,44.5,44.8,45.1,45.3,45.6,46.0,46.3,46.6,46.7,46.9,47.4,47.8,48.3,48.6,49.2,49.8,50.8,51.3,51.8,52.0,52.5,53.0,53.4,43.4,53.3,54.5,55.0,55.2,55.6,56.0,56.6,57.0,57.5,58.1,58.6,59.2,59.8,60.4,61.0,61.6,62.1,62.7,66.979,67.306,66.98,66.94,67.789,68.624
Estonia,EST,43.1,43.5,43.9,44.3,44.6,45.0,45.4,45.8,46.2,46.6,47.0,47.4,47.7,48.1,47.4,44.4,44.2,36.9,34.9,37.6,46.3,52.5,51.6,53.2,54.0,54.8,52.4,50.0,52.9,51.5,54.7,53.9,55.6,56.7,57.3,56.1,56.6,57.5,58.8,58.1,56.6,45.9,54.3,53.9,30.9,46.0,53.9,46.9,57.5,58.0,58.5,59.7,60.9,63.5,64.8,65.5,67.1,67.5,68.0,68.4,69.1,69.4,69.6,69.7,70.4,70.5,70.4,70.7,70.3,70.0,70.1,70.2,69.8,70.3,70.3,69.8,69.5,69.5,69.4,69.0,69.2,68.9,69.4,69.4,69.4,69.5,70.7,70.9,70.8,70.2,70.0,69.5,69.4,68.3,66.8,67.9,69.8,70.2,69.8,70.6,71.0,70.8,71.3,72.0,72.5,72.9,73.1,73.2,74.3,75.0,76.0,76.2,76.4,77.0,77.2,77.7,77.9,78.1,78.2439024390244,78.6463414634147,78.5951219512195,76.9439024390244,77.8439024390244,78.490243902439
Eswatini,SWZ,32.9,33.0,33.0,33.0,33.0,33.0,33.1,33.1,33.1,33.1,33.1,33.2,33.2,33.2,33.2,33.3,33.3,33.3,12.9,33.3,33.4,33.4,33.4,33.4,33.5,33.5,33.5,33.5,33.5,33.5,33.6,33.6,33.6,33.6,33.7,33.7,33.7,33.7,33.7,33.8,33.8,33.8,33.8,33.9,33.9,33.9,35.6,37.4,39.1,40.9,42.6,42.9,43.4,43.9,44.4,44.9,45.3,45.8,46.1,46.5,46.9,47.3,47.6,47.9,48.3,48.6,49.0,49.5,50.0,50.6,51.2,51.9,52.7,53.3,54.0,54.7,55.5,56.1,56.6,57.1,57.6,58.1,58.6,57.8,59.4,60.0,60.4,61.0,61.4,61.8,62.1,62.4,62.4,62.2,61.1,59.4,57.2,55.0,52.6,50.4,48.3,46.5,45.4,44.5,43.9,43.6,43.9,44.2,44.5,44.9,46.0,48.0,49.2,50.7,53.1,55.8,57.9,59.9,58.707,59.85,59.862,58.228,63.028,64.123
Ethiopia,ETH,29.7,29.7,29.7,29.7,29.7,29.7,29.7,29.7,29.7,29.7,29.7,29.7,29.7,29.7,29.7,29.7,29.7,29.7,11.5,29.7,29.7,29.7,29.7,29.7,29.7,29.7,29.7,29.7,29.7,29.7,29.7,29.7,29.7,29.7,29.7,27.5,23.0,29.0,29.0,29.0,28.0,28.0,29.7,29.7,29.7,29.7,30.4,31.1,31.9,32.6,33.3,33.5,33.8,34.3,34.7,35.2,35.8,33.0,31.0,37.7,38.4,39.1,39.7,40.3,40.2,39.0,40.0,42.0,42.4,42.7,43.0,43.2,43.1,41.0,38.9,40.0,44.1,43.7,43.6,44.5,44.9,45.3,45.5,41.4,41.8,46.4,46.9,47.5,47.9,47.6,47.1,47.8,48.2,48.6,48.8,49.1,49.7,50.2,50.6,50.3,50.8,53.0,53.9,54.8,55.7,56.8,57.9,59.2,60.5,61.7,62.9,64.0,65.0,65.8,66.6,67.2,67.8,68.4,65.257,65.741,65.969,65.33,66.897,67.315
Fiji,FJI,27.0,27.0,27.1,27.1,27.1,27.2,27.2,27.2,27.3,27.3,27.3,27.3,27.4,27.4,27.4,27.5,27.5,27.5,6.98,27.6,27.6,27.6,27.7,27.7,27.7,27.8,28.9,29.9,31.1,32.2,33.3,34.4,35.5,36.6,37.7,38.8,39.9,41.1,42.2,43.3,44.4,45.6,46.7,47.8,49.0,50.1,51.3,52.4,53.5,54.7,55.8,56.2,56.9,57.5,58.2,58.8,59.4,60.0,60.6,61.1,61.7,62.2,62.8,63.3,63.8,64.3,64.8,65.3,65.8,66.3,66.8,66.5,66.5,66.3,66.5,66.6,67.1,67.5,67.4,67.4,67.1,67.0,67.3,67.8,68.1,67.9,67.9,68.0,67.9,67.7,67.7,67.6,67.6,67.3,67.1,66.9,66.6,66.0,66.3,65.9,65.9,66.3,66.6,66.7,67.0,67.0,67.0,66.9,67.0,67.3,67.4,67.5,67.6,67.7,67.8,67.8,67.8,68.1,66.965,67.009,66.924,64.904,67.148,67.316
Finland,FIN,41.8,42.8,46.2,46.6,47.2,46.0,47.0,46.9,46.1,48.6,48.5,48.7,49.1,49.0,49.7,49.5,48.0,46.4,32.7,43.0,47.5,52.3,51.9,52.5,50.1,53.4,53.8,51.8,53.6,51.2,54.4,54.8,55.7,55.4,56.0,57.3,56.1,57.0,57.1,54.6,46.6,46.4,53.8,56.2,47.9,57.1,60.1,60.4,61.9,61.8,64.1,65.5,66.4,66.5,67.4,67.2,67.8,67.3,68.5,68.7,68.8,68.9,68.6,69.0,69.2,69.0,69.5,69.7,69.6,69.5,70.2,70.5,70.9,71.3,71.5,71.8,72.1,72.5,73.0,73.4,73.7,74.0,74.4,74.5,74.6,74.6,74.8,74.8,74.9,75.0,75.1,75.5,75.8,76.1,76.7,76.7,77.0,77.2,77.4,77.6,77.8,78.2,78.5,78.7,78.8,79.1,79.5,79.5,79.8,80.0,80.2,80.5,80.7,80.9,81.3,81.6,81.5,81.4,81.7341463414634,81.9829268292683,81.9317073170732,81.8853658536585,81.1878048780488,81.6853658536585
France,FRA,45.1,47.0,48.0,48.5,48.1,48.4,47.8,48.3,49.4,50.1,51.4,48.2,51.7,51.4,37.9,35.7,39.6,42.6,34.4,47.6,51.7,52.8,55.0,54.7,55.4,54.5,54.1,55.9,55.5,54.4,57.0,57.0,57.4,57.8,58.5,58.4,58.9,59.3,59.1,59.7,49.5,57.8,57.5,53.4,47.3,55.1,62.5,64.1,66.0,65.0,66.5,66.3,67.5,67.5,68.4,68.6,68.7,69.1,70.3,70.3,70.6,71.2,70.7,70.5,71.5,71.3,71.7,71.7,71.7,71.5,72.3,72.5,72.7,72.9,73.1,73.1,73.4,73.7,74.0,74.3,74.5,74.7,74.9,75.1,75.5,75.7,76.0,76.3,76.6,76.8,77.0,77.2,77.4,77.5,77.8,78.0,78.3,78.7,78.6,78.8,79.1,79.2,79.4,79.6,80.2,80.4,80.7,81.0,81.1,81.2,81.4,81.6,81.8,82.1,82.5,82.5,82.8,82.8,82.6756097560976,82.8268292682927,82.1756097560976,82.3243902439024,82.1292682926829,82.9292682926829
Gabon,GAB,31.8,31.8,31.8,31.9,31.9,32.0,32.0,32.0,32.1,32.1,32.1,32.2,32.2,32.3,32.3,32.4,32.4,32.4,12.6,32.5,32.5,32.6,32.6,32.7,32.7,32.7,32.8,32.8,32.9,32.9,32.9,33.0,33.0,33.0,33.1,33.1,33.2,33.2,33.2,33.3,33.3,33.4,33.4,33.4,33.5,33.5,34.7,35.9,37.2,38.4,39.6,40.0,40.6,41.2,41.7,42.2,42.6,43.0,43.4,43.7,44.1,44.5,45.1,45.8,46.5,47.5,48.4,49.5,50.5,51.6,52.6,53.1,53.6,54.1,54.9,55.6,56.5,57.1,57.5,57.9,58.3,58.7,58.9,59.2,59.5,59.8,60.5,60.8,60.5,60.3,60.0,60.2,60.6,60.5,60.4,60.4,60.0,60.2,60.0,59.7,59.3,59.0,59.0,58.9,58.9,59.5,59.9,60.6,61.2,61.9,62.8,63.5,64.3,65.3,66.2,67.0,67.7,68.4,67.043,67.337,67.073,67.072,67.713,68.337
Gambia,GMB,32.4,32.5,32.6,32.8,32.9,33.0,33.1,33.2,33.3,33.5,33.6,33.7,33.8,33.9,34.1,34.2,34.3,34.4,13.7,34.7,34.8,34.9,35.0,35.1,35.3,35.4,35.5,35.6,35.7,35.9,36.0,36.1,36.2,36.3,36.5,36.6,36.7,36.8,36.9,37.0,37.2,37.3,37.4,37.5,37.6,37.8,38.1,38.5,38.8,39.2,39.5,39.9,40.4,40.9,41.4,41.8,42.2,42.7,43.1,43.5,44.0,44.5,45.1,45.8,46.6,47.5,48.5,49.7,50.9,52.2,53.5,53.9,54.3,54.6,55.0,55.3,55.7,56.1,56.4,56.8,57.1,55.3,57.9,58.2,58.5,58.8,59.0,59.2,59.5,59.7,59.9,60.2,60.2,60.7,60.9,61.1,61.2,61.2,61.5,61.5,61.7,61.9,62.0,62.1,62.3,62.4,62.6,62.7,63.0,63.3,63.6,64.0,64.3,64.5,64.7,65.1,65.4,65.8,64.034,64.427,64.418,63.847,64.859,65.86
Georgia,GEO,33.4,33.6,33.8,34.1,34.3,34.5,34.8,35.0,35.2,35.5,35.7,38.6,39.0,36.8,36.4,36.0,36.0,33.0,24.5,34.3,36.3,32.3,34.8,35.2,34.2,38.5,41.6,40.9,42.4,41.1,40.5,39.5,37.0,23.4,42.7,44.2,45.8,44.8,46.4,48.7,46.3,32.3,28.9,27.0,34.0,43.6,53.0,45.2,53.0,55.7,57.9,58.1,58.4,58.8,59.2,59.5,59.9,60.2,60.6,61.0,61.3,61.7,62.1,62.4,62.8,63.2,63.5,63.8,64.2,64.4,64.7,65.3,65.8,66.4,66.9,67.3,67.7,68.2,68.6,69.0,69.4,69.8,70.1,70.2,70.2,70.2,70.3,70.3,70.2,70.1,70.0,69.9,69.6,69.5,70.4,71.3,72.1,72.5,72.6,73.0,73.1,73.0,72.4,72.6,72.9,73.4,73.7,73.8,72.8,72.8,72.8,72.9,72.9,73.1,73.1,73.0,72.8,72.8,73.985,74.165,73.509,71.635,74.141,74.496
Germany,DEU,43.9,44.3,44.6,44.9,45.2,45.5,46.1,46.7,47.3,47.9,48.5,49.0,49.6,50.2,46.2,40.6,39.0,40.1,33.0,48.4,53.6,55.1,55.7,56.3,56.9,57.5,57.9,58.3,58.7,59.1,59.5,59.9,60.4,60.8,61.2,61.6,61.9,62.2,62.5,61.1,60.8,59.1,55.1,49.8,37.1,29.1,60.6,62.2,63.8,65.4,67.0,67.2,67.5,67.8,68.1,68.4,68.7,68.6,69.3,69.5,69.4,70.0,70.1,70.2,70.8,70.8,70.9,71.1,70.8,70.6,70.8,70.9,71.2,71.4,71.6,71.8,72.2,72.5,72.7,73.0,73.2,73.5,73.7,74.0,74.3,74.5,74.7,75.0,75.2,75.4,75.5,75.7,76.1,76.2,76.5,76.7,77.0,77.4,77.8,78.0,78.3,78.6,78.7,78.8,79.4,79.7,79.9,80.1,80.2,80.3,80.4,80.5,80.7,80.6,80.9,80.7,80.5,80.6,80.8926829268293,81.2926829268293,81.0414634146342,80.790243902439,80.6080487804878,80.5414634146342
Ghana,GHA,29.1,29.1,29.1,29.2,29.2,29.2,29.3,29.3,29.4,29.4,29.4,29.5,29.5,29.5,29.6,29.6,29.6,29.7,10.0,29.7,29.8,29.8,29.9,29.9,29.9,30.0,30.6,31.1,31.8,32.4,33.0,33.6,34.2,34.8,35.4,36.0,36.6,37.2,37.8,38.5,39.1,39.7,40.3,40.9,41.5,42.2,42.8,43.4,44.0,44.7,45.3,45.6,46.3,46.9,47.5,48.1,48.8,49.4,49.9,50.5,51.1,51.6,52.1,52.7,53.1,53.6,54.0,54.4,54.8,55.2,55.6,55.9,56.3,56.6,56.9,57.1,57.3,57.4,57.7,57.8,58.0,58.0,57.9,58.0,58.1,58.3,58.5,58.7,58.9,59.1,59.2,59.3,59.4,59.6,59.3,59.5,59.5,59.2,59.4,59.4,59.4,59.4,59.5,59.6,59.8,60.0,60.2,60.4,60.8,61.2,61.6,62.3,63.0,63.6,64.0,64.4,64.8,65.5,64.138,64.455,64.309,64.286,65.246,65.498
Greece,GRC,40.5,40.7,41.0,41.1,41.3,41.5,41.7,41.9,42.1,42.4,42.7,43.0,43.3,43.6,43.9,44.1,44.4,44.7,24.6,45.3,45.6,45.9,46.2,46.8,47.5,48.1,48.7,49.4,47.3,51.2,51.4,51.6,51.8,52.3,52.8,53.3,53.8,54.3,54.9,55.4,56.0,41.4,30.4,40.2,46.4,59.9,57.9,55.3,49.8,57.2,67.6,67.7,67.9,68.1,68.4,68.7,69.1,69.5,69.9,70.4,70.8,71.3,71.7,72.0,72.3,72.5,72.8,73.0,73.3,73.6,74.0,74.3,74.4,74.7,74.9,75.1,75.3,75.9,76.9,77.4,77.6,77.8,77.8,77.6,77.0,76.7,76.8,76.9,77.2,77.4,77.5,77.6,77.6,77.9,78.1,78.2,78.3,78.5,78.6,78.6,78.8,79.0,79.2,79.1,79.1,79.3,79.6,79.4,79.8,80.0,80.3,80.3,80.3,80.8,81.0,80.8,80.9,81.0,81.7878048780488,81.6390243902439,81.2878048780488,80.0829268292683,80.7878048780488,81.5365853658537
Grenada,GRD,37.7,37.7,37.7,37.7,37.7,37.7,37.8,37.8,37.8,37.8,37.8,37.8,37.8,37.8,37.9,37.9,37.9,37.9,24.6,37.9,37.9,37.9,38.6,39.4,40.1,40.8,41.5,42.2,43.0,43.7,44.4,45.1,45.7,46.3,46.9,47.6,48.2,48.8,49.4,50.0,50.6,51.3,51.9,52.5,53.1,53.7,54.3,54.9,55.5,56.1,56.7,57.0,57.6,58.2,58.8,59.3,59.9,60.4,60.9,61.4,61.9,62.3,62.8,63.2,63.7,64.1,64.5,64.9,65.3,65.6,66.0,66.3,66.7,67.1,67.6,67.9,68.2,68.0,68.5,68.7,68.8,68.8,68.8,68.7,68.6,68.6,68.7,68.9,69.0,69.2,69.4,70.0,70.4,70.8,71.2,71.7,72.2,72.7,73.1,73.6,73.9,74.1,74.2,74.4,74.0,74.5,74.5,74.5,74.4,74.2,74.1,74.0,74.2,74.1,74.0,73.9,74.0,74.1,74.957,74.971,75.019,74.522,75.151,75.205
Guatemala,GTM,25.4,25.4,25.4,25.4,25.4,25.4,25.4,25.4,25.3,25.3,25.3,25.3,25.3,25.3,25.3,25.3,25.3,25.2,9.47,25.2,25.2,25.2,25.2,25.2,25.1,25.1,25.1,25.1,25.1,25.1,25.1,25.1,25.0,25.0,25.0,25.7,26.4,27.2,27.9,28.6,29.3,30.4,31.4,32.5,33.5,34.6,35.6,36.6,37.7,38.7,39.8,39.9,40.2,40.5,40.9,41.2,41.6,42.1,42.6,43.0,43.6,44.1,44.6,45.2,45.7,46.3,46.9,47.5,48.2,48.9,49.5,50.7,51.8,53.0,53.8,54.4,48.6,56.5,57.2,57.6,57.4,57.0,56.4,59.0,59.8,60.5,61.3,62.0,62.8,63.1,63.0,62.5,62.5,63.0,63.4,65.8,67.2,66.8,66.8,68.1,68.0,68.6,69.3,69.4,69.7,69.5,69.9,70.9,71.4,71.3,71.7,72.1,72.5,72.8,72.8,72.9,72.6,72.6,71.496,71.639,69.971,67.858,71.206,72.602
Guinea,GIN,32.6,32.7,32.8,32.9,33.0,33.0,33.1,33.2,33.3,33.4,33.4,33.5,33.6,33.7,33.8,33.9,33.9,34.0,13.2,34.2,34.3,34.3,34.4,34.5,34.6,34.7,34.8,34.8,34.9,35.0,35.1,35.2,35.2,35.3,35.4,35.5,35.6,35.6,35.7,35.8,35.9,36.0,36.1,36.1,36.2,36.3,36.7,37.2,37.6,38.0,38.5,38.7,39.1,39.5,39.9,40.3,40.7,41.0,41.4,41.7,42.1,42.4,42.7,43.0,43.2,43.5,43.8,44.0,44.3,44.7,45.0,45.2,45.3,45.5,45.8,46.1,46.5,46.8,47.2,47.6,48.0,48.4,48.7,49.0,49.4,49.8,50.3,50.6,50.9,51.4,51.9,52.3,52.4,52.9,53.0,53.4,53.8,54.1,54.3,54.5,54.4,54.8,55.2,55.5,55.7,55.9,56.1,56.3,56.7,56.9,57.4,57.9,58.3,58.6,58.3,59.2,60.1,60.7,59.043,59.379,59.35,59.373,60.432,60.74
Guinea-Bissau,GNB,31.1,31.1,31.0,31.0,31.0,30.9,30.9,30.9,30.9,30.8,30.8,30.8,30.7,30.7,30.7,30.6,30.6,30.6,11.8,30.5,30.5,30.5,30.4,30.4,30.4,30.4,30.3,30.3,30.3,30.2,30.2,30.5,30.8,31.1,31.4,31.6,31.9,32.2,32.5,32.8,33.1,33.3,33.6,33.9,34.2,34.5,34.8,35.0,35.3,35.6,35.9,36.1,36.4,36.7,37.0,37.2,37.5,37.8,38.1,38.3,38.6,38.8,38.9,39.0,39.2,39.3,39.5,39.6,39.7,39.8,39.9,40.4,40.8,41.2,44.1,44.5,44.9,45.2,45.6,46.0,46.1,46.3,46.4,46.6,46.8,47.0,47.3,47.6,48.0,48.3,48.7,49.1,49.4,49.8,49.8,50.4,50.7,50.3,50.2,50.9,52.0,52.3,52.6,52.9,53.2,53.2,53.9,54.3,54.7,55.3,55.9,56.6,57.1,57.6,58.1,58.7,59.3,60.0,61.652,62.161,61.343,61.653,63.605,64.085
Guyana,GUY,31.5,31.5,31.5,31.6,31.6,31.6,31.6,31.6,31.6,31.6,31.6,31.6,32.0,32.4,32.8,33.1,33.5,33.9,29.9,34.6,35.0,35.4,36.1,36.9,37.7,38.5,39.3,40.1,40.9,41.7,42.5,43.3,44.1,44.9,45.7,46.5,47.3,48.2,49.0,49.8,50.6,51.4,52.3,53.1,53.9,54.7,55.5,56.4,57.2,58.0,58.9,58.9,59.1,59.3,59.4,59.6,59.8,59.9,60.1,60.2,60.4,60.5,60.7,60.8,61.0,61.1,61.3,61.5,61.6,61.8,61.9,62.1,62.3,62.5,62.7,63.0,63.4,63.5,61.3,64.2,64.5,64.8,65.0,65.2,65.1,65.5,65.5,65.7,65.8,65.6,65.5,66.1,67.0,66.8,66.8,66.2,65.8,66.2,66.3,66.7,66.2,66.2,66.2,66.5,66.8,66.6,67.2,67.7,68.0,68.6,68.0,67.4,67.3,67.8,68.2,68.6,68.9,69.2,68.829,69.067,67.751,64.323,69.888,70.18
Haiti,HTI,28.8,28.8,28.8,28.7,28.7,28.7,28.7,28.7,28.7,28.7,28.7,28.7,28.7,28.7,28.7,28.6,28.6,28.6,18.6,28.6,28.6,28.6,28.6,28.6,28.6,28.6,28.6,28.6,28.6,28.5,28.5,28.5,28.5,28.5,28.5,28.5,28.5,28.5,28.5,28.5,28.5,28.4,28.4,29.3,30.2,31.1,32.0,32.9,33.7,34.6,35.5,35.8,36.5,37.1,37.7,38.3,38.9,39.5,40.0,40.6,41.2,41.7,42.3,42.8,43.4,43.9,44.4,44.8,45.2,45.6,46.0,46.3,46.7,47.4,48.1,48.6,49.0,49.4,49.7,50.2,50.7,51.4,51.8,52.2,52.5,52.9,53.2,53.7,54.1,54.2,54.5,54.6,54.8,54.3,54.9,55.0,55.4,55.7,56.2,56.8,57.4,57.9,58.5,58.9,58.8,59.8,60.2,60.6,60.9,61.5,32.5,61.6,62.5,63.1,63.6,64.0,64.3,65.0,64.077,64.328,63.773,62.613,63.948,64.936
Honduras,HND,35.1,35.1,35.2,35.2,35.3,35.3,35.3,35.4,35.4,35.5,35.5,35.5,35.6,35.6,35.7,35.7,35.8,35.8,31.7,35.9,35.9,36.0,36.0,36.0,36.1,36.1,36.1,36.2,36.2,36.3,36.3,36.7,37.1,37.5,38.0,38.4,38.8,39.2,39.6,40.0,40.5,40.9,41.3,41.7,42.2,42.6,43.0,43.4,43.9,44.3,44.7,45.0,45.5,46.1,46.8,47.4,48.1,48.9,49.6,50.4,51.2,52.0,52.8,53.6,54.4,55.1,55.8,56.6,57.3,58.0,58.7,59.3,60.1,58.7,55.9,62.2,62.3,63.0,63.7,65.1,65.7,65.9,66.1,66.5,66.8,67.1,67.4,67.9,68.3,68.6,68.9,69.2,69.1,69.0,69.5,69.2,69.4,69.7,63.5,70.1,70.4,70.7,71.0,71.2,71.4,71.7,71.9,72.2,72.5,72.7,72.8,73.1,71.7,72.1,72.1,72.1,73.8,74.0,72.001,72.124,70.864,69.492,72.715,72.884
Hungary,HUN,37.3,37.5,37.8,38.0,38.3,38.5,38.8,39.0,39.2,39.5,39.7,40.0,40.2,40.4,40.6,40.9,41.1,41.3,30.1,41.8,42.0,42.8,43.6,44.5,45.3,46.1,46.9,47.7,48.5,49.3,50.1,50.8,51.5,52.2,52.9,53.5,54.2,54.9,55.5,56.2,56.9,56.5,50.9,40.9,26.0,46.9,54.9,58.9,60.6,61.2,62.0,62.3,63.9,63.8,65.3,66.8,65.9,66.3,67.3,67.2,68.0,68.9,67.8,68.8,69.3,69.0,69.8,69.3,69.2,69.2,69.1,69.2,69.4,69.4,69.3,69.3,69.6,69.7,69.6,69.4,69.2,69.2,69.1,69.1,69.0,69.1,69.2,69.5,69.6,69.6,69.5,69.5,69.2,69.2,69.6,70.0,70.7,71.0,70.9,71.0,71.8,72.4,72.5,72.6,72.9,72.9,73.3,73.5,74.0,74.2,74.6,74.9,75.2,75.7,76.0,75.5,76.4,76.8,76.0658536585366,76.3195121951219,75.419512195122,74.0658536585366,75.8682926829268,76.7707317073171
Iceland,ISL,46.6,53.0,50.5,48.8,52.6,49.5,53.6,49.7,45.8,52.3,52.6,55.5,56.0,58.9,51.9,53.6,54.5,59.0,51.0,58.5,54.6,54.2,56.9,57.6,54.0,58.2,60.8,58.1,61.8,60.5,60.2,60.8,62.1,63.0,63.3,59.5,62.7,63.5,65.0,66.0,65.8,63.1,64.1,65.2,66.8,67.5,68.5,69.3,70.1,71.4,71.0,71.0,72.4,72.3,73.3,73.3,72.9,73.4,73.4,72.6,74.0,73.4,73.6,72.9,73.5,73.8,73.2,73.7,73.9,73.7,73.8,73.8,74.0,74.3,74.5,75.0,75.5,75.8,76.1,76.3,76.5,76.7,76.8,76.8,77.1,77.2,77.2,77.3,77.5,77.7,77.8,78.0,78.3,78.5,78.6,78.3,78.8,79.0,79.4,79.8,80.1,80.4,80.8,81.1,81.2,81.4,81.7,81.9,82.0,82.1,82.4,82.6,82.6,82.7,82.7,82.7,82.7,82.8,82.8609756097561,83.1634146341463,83.0634146341463,83.1658536585366,82.119512195122,82.6073170731707
India,IND,18.4,23.1,23.7,23.5,22.1,22.0,22.0,19.3,23.4,23.3,23.3,23.3,23.5,23.7,23.9,24.1,24.3,24.4,8.16,24.7,24.9,25.0,25.5,25.9,26.4,26.8,27.3,27.7,28.2,28.6,29.1,29.6,29.9,30.2,30.6,30.9,31.2,31.6,31.9,32.2,32.6,32.9,33.1,32.4,32.9,33.9,34.2,32.7,34.4,34.9,35.2,35.5,36.2,36.9,37.6,38.3,39.0,39.7,40.4,41.1,41.9,42.6,43.4,44.1,44.9,45.7,46.5,47.3,48.0,48.7,49.5,49.9,50.4,51.0,51.5,52.0,52.6,53.1,53.8,54.4,55.0,55.5,56.0,56.5,56.9,57.4,57.8,58.3,58.7,59.1,59.6,59.9,60.2,60.8,61.3,61.8,62.1,62.0,62.1,62.6,62.9,63.3,63.9,64.5,65.2,65.5,65.8,66.0,66.2,66.5,66.7,66.9,67.3,67.7,68.1,68.4,68.6,69.0,70.415,70.746,70.156,67.282,71.698,72.003
Indonesia,IDN,30.3,30.3,30.3,30.3,30.3,30.3,30.3,30.3,30.4,30.4,30.4,30.4,30.4,30.4,30.4,30.4,30.4,30.4,14.2,30.4,30.5,30.5,30.5,30.5,30.5,30.5,30.5,30.5,31.0,31.6,32.1,32.6,33.1,33.6,34.1,34.7,35.2,35.7,36.1,36.5,36.9,37.3,29.6,28.6,27.6,26.6,31.2,31.7,32.3,32.8,37.3,37.8,38.8,39.7,40.6,41.6,42.5,43.4,44.3,45.2,46.0,46.9,47.7,48.5,49.4,44.8,45.2,51.7,52.5,53.3,54.0,54.5,55.0,55.6,56.3,56.7,57.2,57.8,58.3,58.9,59.5,60.2,60.7,61.1,61.6,62.0,62.4,62.6,63.1,63.5,63.9,64.3,64.8,65.2,65.6,66.0,66.4,66.7,66.9,67.0,67.3,67.6,67.8,68.0,66.5,68.5,68.7,69.0,69.2,69.4,69.7,70.0,70.3,70.5,70.8,71.0,71.2,71.5,70.08,70.349,68.817,67.452,70.925,71.146
Iran,IRN,26.3,26.3,26.4,26.4,26.4,26.4,26.4,26.5,26.5,26.5,26.5,26.6,26.6,26.6,26.6,26.6,26.7,26.7,22.1,26.7,26.8,26.8,26.8,26.8,26.9,26.9,26.9,26.9,26.9,27.0,27.0,27.0,27.1,27.1,27.1,27.1,27.1,27.2,27.2,27.2,27.2,28.7,30.2,31.7,33.2,34.7,36.2,37.8,39.3,40.8,42.3,42.6,43.3,44.0,44.6,45.3,46.0,46.6,47.3,48.0,48.6,49.3,49.9,50.6,51.2,51.9,52.5,53.2,53.9,54.7,55.5,57.5,59.1,61.4,63.2,64.4,65.5,66.3,64.8,67.2,66.4,64.8,65.4,66.1,67.6,68.2,68.0,68.1,68.0,69.9,68.1,70.4,70.9,71.3,71.8,72.1,72.5,72.7,73.1,73.3,73.6,73.7,73.8,72.9,74.2,74.3,74.5,74.7,74.9,75.0,75.2,75.4,75.7,75.9,76.2,76.5,77.0,77.3,76.621,76.855,74.141,73.752,76.799,77.654
Iraq,IRQ,31.6,31.6,31.6,31.6,31.6,31.6,31.6,31.6,31.6,31.7,31.7,31.7,31.7,31.7,31.7,31.7,31.7,31.8,26.3,31.8,31.8,31.8,31.8,31.8,31.8,31.8,31.9,31.9,31.9,31.9,31.9,31.9,31.9,31.9,31.9,32.0,32.0,32.0,32.0,32.0,32.0,32.4,32.8,33.2,33.6,34.0,34.4,34.7,35.1,35.5,35.9,36.7,38.4,39.9,41.5,42.9,44.4,45.7,47.1,48.4,49.6,50.9,52.1,53.4,54.6,55.8,56.9,57.9,58.8,59.6,60.4,61.4,61.5,61.7,60.4,60.9,62.9,63.4,63.9,64.4,61.0,56.8,57.2,57.5,59.9,60.0,60.2,60.5,49.6,65.8,65.9,62.7,65.6,65.5,65.5,65.4,65.4,65.3,66.1,66.6,66.7,67.6,67.7,68.4,69.0,69.5,68.7,69.2,71.6,72.7,73.5,74.5,75.3,75.2,74.8,76.3,76.7,76.7,71.116,71.245,69.651,70.704,72.037,72.324
Ireland,IRL,49.2,49.5,49.9,50.3,50.8,51.2,51.7,52.1,52.5,53.0,53.4,53.9,54.1,54.4,54.6,54.9,55.1,55.4,49.8,55.9,56.2,56.4,56.7,56.9,57.2,57.5,57.7,57.8,58.0,58.1,58.2,58.4,58.5,58.6,58.8,58.9,59.0,59.3,59.5,59.7,59.9,60.1,60.4,60.7,61.0,61.3,61.5,62.6,63.7,64.7,65.8,65.0,67.4,68.1,68.3,68.3,69.2,69.3,69.6,69.7,70.4,69.9,70.2,70.5,70.7,70.9,70.4,71.5,71.2,71.1,71.1,71.3,71.2,71.2,71.3,71.6,71.9,72.1,72.1,72.3,72.6,72.9,73.1,73.3,73.5,73.8,74.0,74.3,74.5,74.6,74.9,75.1,75.3,75.4,75.7,75.6,75.9,76.0,76.2,76.3,76.6,77.2,77.7,78.2,78.5,79.0,79.3,79.6,79.7,79.8,80.7,80.8,80.8,81.1,81.4,81.6,81.8,81.8,82.2048780487805,82.7024390243903,82.4560975609756,82.2536585365854,82.509756097561,82.8609756097561
Israel,ISR,32.0,32.0,32.0,32.0,32.0,32.0,32.0,32.0,32.0,32.0,32.0,32.0,32.0,32.0,32.0,32.0,32.0,32.0,26.5,32.0,32.0,32.0,32.0,32.0,32.0,32.0,32.0,32.0,32.0,32.0,32.0,32.0,32.0,32.0,32.0,32.0,34.1,36.3,38.4,40.5,42.7,44.8,47.0,49.1,51.2,53.4,55.5,57.7,59.8,61.9,64.1,64.4,65.0,65.6,66.2,66.7,67.1,67.5,67.9,68.3,68.6,68.9,69.2,69.5,69.7,70.0,70.3,70.5,70.7,70.9,71.1,72.5,72.6,68.0,72.8,73.0,73.6,74.1,74.4,74.8,75.2,75.4,75.5,75.6,75.8,76.1,76.2,76.4,76.7,77.2,77.4,77.1,76.9,77.4,77.6,77.7,77.9,78.1,78.2,78.5,78.7,78.9,78.7,79.4,79.8,80.1,80.3,80.6,80.9,81.3,81.8,81.9,82.2,82.4,81.9,82.6,82.9,83.0,82.8024390243903,82.8048780487805,82.6487804878049,82.5,82.7,83.1951219512195
Italy,ITA,41.7,43.5,43.0,43.1,44.4,43.9,45.1,45.4,43.2,44.7,46.7,44.8,49.0,48.5,49.9,42.3,39.3,37.7,25.6,42.1,45.5,49.2,50.0,51.4,51.5,51.3,51.0,52.6,52.7,52.3,55.2,54.8,54.8,56.3,56.9,56.2,56.7,55.5,56.1,57.6,56.9,54.6,52.4,49.2,52.3,54.8,59.0,61.2,63.4,64.1,65.8,65.3,65.9,66.6,67.9,68.2,67.6,67.8,68.8,69.3,69.2,69.8,69.2,69.3,70.4,70.3,71.0,71.0,70.8,70.9,71.6,71.9,72.1,72.3,72.7,72.9,73.2,73.5,73.8,74.1,74.2,74.6,74.9,75.1,75.5,75.7,76.0,76.3,76.6,76.9,77.1,77.1,77.4,77.7,77.8,78.1,78.4,78.7,78.8,79.2,79.6,79.8,80.1,80.1,80.7,80.9,81.2,81.4,81.5,81.7,82.0,82.1,82.2,82.5,82.7,82.6,83.0,83.2,83.3463414634146,83.4975609756098,82.1951219512195,82.6463414634146,82.7,83.7
Jamaica,JAM,38.0,38.3,40.6,34.8,33.8,37.8,32.6,29.7,37.0,37.5,36.9,38.1,34.6,37.8,38.5,37.3,35.9,31.9,26.6,36.9,35.7,30.9,37.3,38.3,38.9,39.3,41.1,39.8,42.0,43.4,45.7,43.1,44.6,42.0,44.9,44.5,44.9,47.7,46.4,49.0,48.1,50.0,50.4,50.9,49.7,49.7,52.0,51.0,52.4,54.6,57.4,57.9,58.9,59.8,60.7,61.6,62.4,63.1,63.9,64.6,65.2,65.8,66.3,66.8,67.3,67.7,68.1,68.4,68.8,69.1,69.4,69.8,70.4,70.9,71.2,71.5,71.8,71.9,72.2,72.3,72.2,72.6,72.8,73.0,73.1,73.3,73.5,74.0,74.4,74.8,75.0,75.3,74.8,74.7,74.4,74.2,74.1,74.0,73.9,73.7,74.0,74.2,75.0,75.9,76.5,77.2,77.3,76.4,75.6,75.0,75.8,75.7,75.3,74.7,74.5,74.6,74.5,74.7,71.606,71.532,71.452,69.085,71.481,71.479
Japan,JPN,38.7,38.8,39.0,39.1,39.2,39.3,39.5,39.6,39.8,40.0,40.1,40.3,40.5,40.7,40.9,41.0,41.3,41.5,32.8,42.0,42.2,42.5,42.8,43.4,44.0,44.6,45.3,45.9,46.2,46.5,46.9,47.2,47.5,47.9,48.2,48.5,48.9,49.3,49.3,49.3,49.3,49.0,48.8,46.3,40.3,30.7,46.8,52.1,57.3,58.1,59.7,61.4,63.5,63.8,65.1,66.2,66.1,66.0,67.6,68.0,68.3,69.0,69.3,70.3,70.8,70.9,71.7,72.0,72.3,72.6,72.7,73.1,73.5,73.8,74.2,74.7,75.2,75.6,76.0,76.3,76.6,76.9,77.2,77.5,77.8,78.1,78.4,78.7,78.9,79.1,79.3,79.4,79.5,79.7,80.1,80.0,80.5,80.8,80.8,81.0,81.4,81.7,82.0,82.1,82.3,82.3,82.6,82.8,82.9,83.1,83.1,82.9,83.4,83.6,83.8,84.1,84.2,84.2,84.2109756097561,84.3563414634146,84.56,84.4456097560976,83.9963414634146,84.0412195121951
Jordan,JOR,31.9,31.9,31.9,31.9,31.9,31.9,31.9,32.0,32.0,32.0,32.0,32.0,32.0,32.0,32.0,32.0,32.0,32.0,26.6,32.0,32.0,32.1,32.1,32.1,32.1,32.1,32.1,32.1,32.1,32.1,32.1,32.1,32.1,32.1,32.1,32.2,33.0,33.9,34.8,35.7,36.6,37.5,38.4,39.3,40.2,41.1,42.0,42.9,43.8,44.7,45.6,46.0,46.9,47.8,48.7,49.5,50.4,51.2,52.1,52.9,53.7,54.5,55.3,56.1,56.9,57.7,58.5,59.3,60.0,60.8,61.5,62.1,62.8,63.3,63.7,64.0,64.4,64.9,65.2,65.6,66.1,66.5,66.8,67.3,68.0,68.5,69.0,69.6,70.2,70.7,71.0,71.2,71.5,71.4,71.5,71.6,71.7,71.9,72.1,72.4,72.8,73.1,73.4,74.0,74.4,74.6,75.0,75.8,76.6,77.2,77.6,78.0,78.4,78.7,78.9,79.1,79.2,79.3,76.491,76.865,75.583,74.204,77.088,77.814
Kazakhstan,KAZ,28.4,28.6,28.9,29.1,29.4,29.6,29.9,30.2,30.4,30.7,31.0,34.0,34.4,32.2,31.8,31.4,31.4,28.4,18.3,23.8,19.3,22.6,23.5,32.6,35.1,34.2,37.5,36.8,38.4,37.1,36.4,16.3,8.15,4.07,38.9,40.5,42.2,41.2,42.9,45.4,42.9,27.6,24.5,23.5,31.7,39.9,50.1,41.9,50.2,53.1,55.4,55.7,56.2,56.7,57.1,57.6,58.1,58.6,59.0,59.5,60.0,60.4,60.9,61.4,61.9,62.3,62.8,63.2,63.6,64.0,64.4,64.7,64.9,65.1,65.3,65.6,65.8,66.0,66.2,66.4,66.7,66.9,67.2,67.5,67.8,68.1,68.6,68.8,68.8,68.6,68.5,68.2,67.5,66.4,65.6,64.6,64.4,64.8,65.4,66.0,65.5,65.5,65.5,65.3,65.3,65.3,65.5,66.2,67.2,68.2,68.4,68.9,69.5,70.3,71.2,71.7,71.8,72.0,73.369,73.658,71.195,70.131,73.503,74.402
Kenya,KEN,26.4,26.4,26.5,26.5,26.5,26.6,26.6,26.6,26.6,26.7,26.7,26.7,26.8,26.8,26.8,26.9,26.9,26.9,6.35,27.0,27.0,27.0,27.1,26.8,26.4,26.1,25.8,25.5,25.8,26.1,26.4,26.7,27.0,27.3,27.6,27.9,28.1,28.4,28.8,29.2,29.5,29.9,30.3,30.6,31.0,31.4,34.2,37.0,39.8,42.6,45.5,45.7,46.1,46.6,47.1,47.7,48.3,49.0,49.7,50.5,51.3,52.0,52.8,53.5,54.2,54.9,55.6,56.3,57.0,57.6,58.4,58.7,59.1,59.5,59.9,60.3,60.6,61.0,61.4,61.8,62.1,62.4,62.6,62.9,63.0,63.1,63.1,62.9,62.9,62.3,61.9,61.3,60.5,59.6,58.9,58.1,57.4,56.6,56.0,55.8,55.6,55.7,55.8,56.0,56.4,56.9,57.6,58.4,59.3,60.2,61.2,62.1,62.9,63.5,64.1,64.7,65.3,65.9,62.825,62.939,61.596,61.225,63.549,63.646
Kiribati,KIR,25.4,25.5,25.5,25.5,25.5,25.5,25.6,25.6,25.6,25.6,25.6,25.6,25.7,25.7,25.7,25.7,25.7,25.8,25.8,25.8,25.8,25.8,25.9,25.9,25.9,25.9,25.9,25.9,25.9,26.0,26.0,26.0,26.0,26.1,26.1,27.2,28.4,29.6,30.8,32.0,33.1,34.3,31.6,28.4,32.7,28.5,39.9,41.4,42.7,43.9,45.1,45.4,45.9,46.4,46.9,47.4,47.9,48.4,49.0,49.5,50.0,50.5,51.0,51.5,52.1,52.6,53.1,53.6,54.1,54.6,55.2,55.4,55.8,56.3,57.2,58.0,58.4,58.2,59.0,59.2,59.1,58.9,58.8,58.6,58.4,58.3,58.2,58.1,58.2,58.3,58.5,58.6,58.6,58.6,58.8,58.7,59.0,59.1,59.2,59.2,59.3,59.5,59.6,59.8,59.9,60.1,60.3,60.5,60.6,60.8,60.9,61.1,61.3,61.5,61.7,61.9,62.2,62.4,65.807,65.866,65.205,64.148,66.269,66.473
Kuwait,KWT,26.4,26.4,26.4,26.4,26.4,26.4,26.4,26.4,26.5,26.5,26.5,26.5,26.5,26.5,26.5,26.6,26.6,26.6,22.0,26.6,26.6,26.6,26.6,26.6,26.7,26.7,26.7,26.7,26.7,26.7,26.7,26.8,26.8,26.8,26.8,26.8,26.8,26.8,26.8,26.9,29.2,31.6,34.0,36.4,38.8,41.2,43.6,46.0,48.4,50.8,53.2,53.8,54.9,56.0,57.1,58.1,59.1,60.1,61.0,61.8,62.6,63.4,64.2,64.9,65.6,66.2,66.8,67.4,67.9,68.5,69.0,69.7,69.7,69.3,69.3,69.4,69.6,69.4,70.0,70.6,71.3,71.8,71.9,72.4,72.8,73.2,73.7,74.1,74.3,75.0,75.0,77.5,78.8,79.3,79.0,79.0,79.2,78.7,78.8,78.6,78.6,79.3,79.4,79.5,79.3,79.2,79.2,79.5,79.6,80.2,81.2,82.0,82.2,82.5,82.8,82.9,83.1,83.1,80.1063658536585,81.969756097561,78.7609756097561,78.7365853658537,80.5878048780488,83.1878048780488
Kyrgyz Republic,KGZ,25.8,26.0,26.3,26.5,26.8,27.0,27.2,27.5,27.7,28.0,28.2,31.2,31.6,29.4,29.0,28.6,28.6,25.6,15.7,21.1,16.6,11.9,13.9,29.6,32.1,31.2,34.4,33.8,35.2,34.0,33.3,27.6,19.6,15.6,35.7,37.2,38.9,37.9,39.5,41.9,39.5,28.8,24.8,23.8,31.8,39.2,46.4,38.4,46.4,49.2,51.5,51.7,52.1,52.6,53.0,53.5,53.9,54.4,54.8,55.3,55.7,56.1,56.6,57.0,57.5,57.9,58.4,58.8,59.2,59.5,59.9,60.4,60.9,61.4,61.8,62.2,62.6,63.0,63.5,63.9,64.2,64.5,64.6,64.6,64.8,65.6,66.4,66.6,66.5,66.3,66.3,66.2,65.9,65.5,65.2,65.4,65.7,66.0,66.2,66.7,66.9,67.0,67.0,67.0,67.1,67.1,67.2,67.7,68.4,69.3,69.7,70.3,70.6,71.0,71.3,71.9,72.5,72.7,71.4,71.6,71.8,71.9,72.0487804878049,72.2487804878049
Lao,LAO,31.0,30.9,30.9,30.9,30.8,30.8,30.8,30.8,30.7,30.7,30.6,30.6,30.6,30.6,30.5,30.5,30.5,30.4,19.5,30.4,30.3,30.3,30.3,30.3,30.2,30.2,30.1,30.1,30.1,30.1,30.0,30.0,30.0,29.9,29.9,29.9,29.8,29.8,29.8,29.8,29.3,29.0,28.7,27.9,27.0,25.0,31.5,33.3,35.6,36.4,37.2,37.3,37.5,37.7,38.0,38.2,38.4,38.7,38.9,39.1,39.4,39.6,39.9,40.1,40.3,40.6,40.8,41.0,41.3,41.5,41.7,42.2,42.6,43.1,44.7,45.2,45.7,46.1,46.5,46.9,47.4,48.0,48.5,49.1,49.7,50.2,50.6,50.9,51.2,51.6,51.9,52.5,52.9,53.3,53.7,54.3,54.8,55.4,55.9,56.5,57.1,57.6,58.4,59.0,59.7,60.3,61.0,61.7,62.4,63.1,63.8,64.5,65.0,65.6,66.1,66.6,67.1,67.6,67.594,67.911,68.339,67.807,68.715,68.964
Latvia,LVA,46.2,46.6,46.9,47.2,47.5,47.8,48.1,48.4,48.8,49.1,49.4,49.7,50.0,50.3,49.6,40.4,40.1,39.5,35.5,40.1,47.8,57.2,55.7,56.8,53.8,53.0,56.0,54.3,55.0,53.0,56.1,56.8,56.7,58.7,55.6,58.2,57.7,56.8,60.0,59.4,52.1,31.1,43.3,42.2,23.6,38.1,55.1,48.1,58.8,59.3,59.9,60.6,62.0,63.3,64.5,65.6,66.6,67.4,68.2,69.7,70.5,70.7,70.1,70.5,71.7,71.4,71.4,71.0,70.7,70.4,70.4,70.5,70.2,70.1,70.0,69.4,69.5,69.5,69.3,69.1,69.2,69.1,69.7,69.5,69.5,69.8,71.0,71.1,71.1,70.4,69.8,69.5,68.8,67.1,65.9,66.9,69.2,69.9,69.4,70.2,70.7,70.2,70.5,70.9,71.2,70.8,70.3,70.8,72.1,72.8,73.2,73.8,74.2,74.2,74.6,74.9,75.0,75.2,74.7829268292683,75.3878048780488,75.1853658536585,72.9804878048781,74.2780487804878,75.6780487804878
Lebanon,LBN,29.9,29.9,29.9,29.9,29.9,30.0,30.0,30.0,30.0,30.0,30.0,30.0,30.0,30.0,30.0,30.0,30.0,30.1,24.9,30.1,30.1,30.1,30.1,30.1,30.1,30.1,30.1,30.1,30.1,30.1,30.1,30.1,30.2,30.2,30.2,30.2,30.2,30.2,30.2,30.2,30.2,33.3,36.3,39.4,42.4,45.5,48.5,51.6,54.6,57.7,60.8,61.0,61.5,61.9,62.4,62.8,63.2,63.6,64.0,64.3,64.7,65.0,65.3,65.6,65.9,66.2,66.5,66.8,67.1,67.4,67.7,67.9,68.2,68.5,69.0,60.6,35.5,53.6,53.7,53.8,54.0,54.2,46.7,64.7,65.0,65.4,65.7,55.4,55.5,70.9,70.3,71.9,72.2,72.5,72.9,73.3,73.7,74.2,74.6,75.1,75.4,75.7,75.9,76.1,76.3,76.4,76.2,76.6,76.7,77.0,77.2,77.3,77.5,77.5,77.7,77.8,78.0,78.0,78.263,78.208,76.299,73.65,78.003,77.817
Lesotho,LSO,34.2,34.2,34.3,34.3,34.3,34.4,34.4,34.5,34.5,34.6,34.6,34.6,34.7,34.7,34.8,34.8,34.9,34.9,13.5,35.0,35.1,35.1,35.1,35.2,35.2,35.3,35.3,35.4,35.4,35.5,35.5,35.6,35.6,35.6,35.7,35.7,35.8,35.8,35.9,35.9,36.0,36.0,36.1,36.1,36.1,36.2,38.0,39.9,41.8,43.7,45.5,45.9,46.6,47.3,48.0,48.8,49.5,50.2,51.0,51.7,52.4,53.0,53.5,54.0,54.3,54.6,54.8,55.0,55.2,55.5,55.8,55.9,56.1,56.4,56.8,57.0,57.3,57.6,58.1,58.4,58.7,58.9,59.1,59.3,59.5,59.7,59.9,60.0,60.2,60.4,60.4,60.1,59.6,58.9,57.8,56.7,55.4,53.9,52.0,50.5,48.9,47.7,46.5,45.6,44.8,44.4,44.2,44.5,45.1,46.5,47.8,48.5,48.9,49.4,49.9,50.5,52.5,54.7,54.638,55.249,55.133,54.209,56.812,57.375
Liberia,LBR,32.9,32.9,33.0,33.1,33.1,33.2,33.2,33.3,33.4,33.4,33.5,33.5,33.6,33.6,33.7,33.8,33.8,33.9,13.1,34.0,34.1,34.1,34.2,34.2,34.3,34.4,34.4,34.5,34.5,34.6,34.7,34.7,34.8,34.8,34.9,35.0,35.0,35.1,35.1,35.2,35.3,35.3,35.4,35.4,35.5,35.5,36.0,36.4,36.8,37.3,37.7,37.9,38.2,38.5,38.8,39.1,39.4,39.7,40.0,40.3,40.6,41.0,41.4,41.9,42.5,43.1,43.8,44.5,45.2,46.0,46.7,47.2,47.7,48.1,48.6,49.0,49.4,49.8,50.1,50.4,50.6,50.9,51.0,51.2,51.3,51.5,51.6,51.8,52.1,52.4,49.0,51.6,52.0,50.1,48.5,50.0,48.9,51.9,52.5,53.2,54.3,55.2,55.0,55.1,58.0,58.7,59.4,60.0,60.5,60.9,61.3,61.8,62.3,62.8,59.5,62.0,63.9,64.4,60.999,61.232,61.267,61.166,61.934,62.163
Libya,LBY,34.7,34.8,34.8,34.9,34.9,35.0,35.0,35.1,35.1,35.2,35.2,35.3,35.4,35.4,35.5,35.5,35.6,35.6,27.3,35.7,35.8,35.8,35.9,35.9,36.0,36.0,36.1,36.1,36.2,36.3,36.3,36.4,36.4,36.5,36.5,36.6,36.6,36.7,36.7,36.8,36.5,34.6,33.6,33.5,33.8,36.5,38.2,39.2,40.1,41.1,42.1,41.8,41.4,41.3,41.5,42.0,42.8,44.0,45.4,47.0,48.8,50.7,52.7,54.5,56.4,58.0,59.6,61.1,62.5,63.8,65.1,65.9,66.5,67.1,67.5,68.1,68.6,68.7,69.5,70.0,70.4,70.6,70.9,71.2,71.3,71.5,71.7,68.9,71.8,71.8,72.1,72.3,72.4,72.7,72.9,73.1,71.9,73.2,73.2,73.2,73.2,73.3,73.4,73.8,73.9,74.0,74.5,74.8,74.4,73.6,73.4,56.3,73.4,73.6,72.1,73.1,72.4,73.0,73.151,72.941,72.388,72.062,74.462,69.339
Lithuania,LTU,41.7,42.1,42.4,42.8,43.1,43.5,43.8,44.2,44.5,44.9,45.2,45.6,45.9,46.3,45.7,39.5,39.4,39.0,34.5,39.0,43.0,49.1,49.5,49.8,50.2,50.5,51.0,51.5,52.1,52.6,53.1,53.6,54.2,54.7,55.2,55.7,56.3,56.8,57.3,55.0,51.0,12.0,46.0,44.4,27.0,40.0,52.5,45.5,58.0,60.5,63.6,63.9,64.5,65.1,65.8,66.4,67.0,67.6,68.2,67.7,70.3,70.5,69.4,70.6,72.0,71.7,71.9,71.9,71.6,71.2,71.1,71.8,71.4,71.5,71.1,71.1,71.2,70.9,70.7,70.7,70.7,70.5,70.7,70.8,70.5,70.7,72.3,72.0,72.1,71.5,71.4,70.6,70.5,69.2,68.7,69.2,70.4,71.4,71.7,72.2,72.3,71.8,72.2,72.2,72.1,71.4,71.0,70.7,71.6,73.1,73.3,73.7,74.0,74.0,74.6,74.7,74.9,75.0,75.6804878048781,76.2829268292683,75.0292682926829,74.0365853658537,75.6439024390244,76.9878048780488
Luxembourg,LUX,47.6,48.1,48.2,47.1,45.0,46.4,46.8,49.2,46.6,48.0,49.9,46.6,49.1,50.5,50.3,51.7,50.4,48.3,42.5,44.9,54.9,56.5,55.6,55.0,57.1,55.1,53.7,56.2,55.7,53.0,57.1,58.0,57.0,58.7,60.3,59.5,61.6,61.5,59.6,60.8,62.4,60.4,58.8,54.7,48.2,49.8,62.1,63.6,65.0,65.4,65.8,66.0,66.3,66.7,67.0,67.3,67.6,67.9,68.2,68.5,69.7,70.2,69.3,69.5,69.7,70.1,70.0,70.4,71.0,70.5,70.3,70.5,70.8,71.0,71.3,71.5,71.7,72.2,72.4,72.6,72.9,73.0,73.3,73.6,73.8,74.1,74.4,74.6,74.8,75.1,75.4,75.6,75.8,76.0,76.3,76.4,76.6,76.9,77.3,77.7,78.0,78.3,78.4,78.7,79.0,79.4,79.7,80.1,80.5,80.7,80.8,81.0,81.1,81.3,81.4,81.4,81.6,81.7,82.2951219512195,82.6390243902439,82.1439024390244,82.5975609756098,82.9463414634147,83.3585365853659
Madagascar,MDG,31.7,31.7,31.8,31.8,31.9,31.9,31.9,32.0,32.0,32.1,32.1,32.1,32.2,32.2,32.3,32.3,32.3,32.4,13.5,32.5,32.5,32.5,32.6,32.6,32.6,32.7,32.7,32.8,32.8,32.9,32.9,32.9,33.0,33.0,33.0,33.1,33.1,33.2,33.2,33.3,33.3,33.3,33.4,33.4,33.5,33.5,34.6,35.7,36.8,37.9,39.0,39.4,40.0,40.5,41.1,41.7,42.3,42.9,43.5,44.1,44.7,45.3,45.9,46.4,47.0,47.6,48.2,48.8,49.4,50.0,50.6,51.0,51.7,52.3,52.7,53.0,53.2,53.7,54.1,54.5,54.7,54.6,54.2,54.1,54.0,54.0,53.8,54.0,54.4,55.0,55.4,55.7,56.0,55.9,56.7,57.1,57.4,57.7,58.0,58.6,58.9,59.6,59.8,60.0,60.2,60.7,61.1,61.4,61.5,61.5,61.7,61.9,62.1,62.4,62.6,63.0,63.2,63.5,63.491,63.504,62.706,62.516,63.068,63.632
Malawi,MWI,30.9,30.9,31.0,31.0,31.0,31.0,31.0,31.1,31.1,31.1,31.1,31.1,31.2,31.2,31.2,31.2,31.3,31.3,12.1,31.3,31.3,31.4,31.4,31.4,31.4,31.4,31.4,31.5,31.5,31.5,31.5,31.6,31.6,31.6,31.6,31.6,31.7,31.7,31.7,31.7,31.7,31.8,31.8,31.8,31.8,31.9,33.1,34.3,35.5,36.8,38.0,38.1,38.3,38.4,38.6,38.9,39.1,39.4,39.6,39.9,40.2,40.4,40.7,40.9,41.2,41.4,41.7,42.1,42.5,42.9,43.4,44.0,44.6,45.2,45.8,46.3,46.8,47.3,47.9,48.7,49.3,49.5,49.8,49.9,50.0,50.0,49.7,49.5,49.2,48.8,48.6,48.1,47.5,46.8,46.1,45.6,45.1,44.7,44.4,44.3,44.6,44.9,45.3,46.0,46.7,47.5,48.5,49.7,51.1,52.5,54.2,56.1,58.0,59.6,60.9,61.7,62.4,63.2,64.464,64.995,65.216,64.782,66.037,67.353
Malaysia,MYS,30.6,30.6,30.6,30.6,30.6,30.6,30.6,30.6,30.6,30.6,30.6,30.6,30.6,30.6,30.6,30.6,30.6,30.6,19.6,30.6,30.6,30.6,30.6,30.6,30.6,30.6,30.6,30.6,30.6,30.6,30.6,31.7,32.8,34.0,35.1,36.3,37.4,38.5,39.7,40.8,42.0,41.7,36.0,38.4,38.2,38.0,44.9,47.9,50.4,51.9,53.4,53.7,54.4,55.0,55.7,56.3,56.9,57.5,58.2,58.8,59.4,59.9,60.5,61.0,61.5,62.0,62.5,63.0,63.5,63.9,64.3,64.8,65.3,65.8,66.2,66.6,67.0,67.2,67.8,68.3,68.6,68.9,69.3,69.6,69.9,70.2,70.5,70.7,70.9,71.1,71.3,71.5,71.7,71.9,72.1,71.9,72.1,72.4,72.7,72.6,72.8,73.2,73.4,73.4,73.7,74.0,74.3,74.5,74.3,74.1,74.4,74.9,74.9,75.0,74.6,74.6,74.7,74.7,75.734,75.9,76.057,73.917,75.444,76.657
Maldives,MDV,31.9,31.9,31.9,31.8,31.8,31.8,31.8,31.7,31.7,31.7,31.7,31.6,31.6,31.6,31.6,31.5,31.5,31.5,10.2,31.4,31.4,31.4,31.4,31.3,31.3,31.3,31.3,31.2,31.2,31.2,31.2,31.1,31.1,31.1,31.1,31.0,31.0,31.0,31.0,30.9,30.9,30.9,30.9,30.9,30.8,30.8,30.8,30.8,30.7,30.7,30.7,30.7,30.9,31.0,31.2,31.5,31.8,32.1,32.5,33.0,33.5,34.0,34.7,35.4,36.1,36.9,37.7,38.5,39.3,40.1,40.8,42.0,43.1,44.1,45.1,46.2,46.8,47.3,44.4,49.0,50.3,51.6,53.0,54.5,56.0,57.7,59.4,61.0,62.4,63.8,65.1,65.8,66.3,67.1,67.9,68.4,69.2,69.9,70.6,71.4,72.3,73.0,73.8,74.5,73.8,75.6,76.2,76.8,77.5,78.5,79.2,79.8,80.4,80.8,81.0,81.2,81.3,81.5,79.433,79.707,78.713,78.052,80.76,81.041
Mali,MLI,28.2,28.3,28.3,28.4,28.4,28.5,28.6,28.6,28.7,28.7,28.8,28.9,28.9,29.0,29.0,29.1,29.2,29.2,11.3,29.3,29.4,29.5,29.5,29.6,29.6,29.7,29.8,29.8,29.9,29.9,30.0,30.1,30.1,30.2,30.2,30.3,30.4,30.4,30.5,30.5,30.6,30.7,30.7,30.8,30.8,30.9,31.0,31.0,31.1,31.1,31.2,31.4,31.9,32.2,32.6,32.9,33.1,33.3,33.5,33.8,34.0,34.2,34.5,34.9,35.3,35.8,36.5,37.2,38.0,38.9,39.7,39.9,40.5,40.8,41.1,41.5,42.1,42.8,43.5,44.2,44.8,45.3,45.8,46.4,46.8,47.1,48.1,48.4,48.8,49.1,49.3,49.8,50.2,50.7,50.8,51.2,51.5,51.1,50.8,52.9,53.3,54.0,54.5,55.3,56.0,56.7,57.2,57.8,58.4,59.0,59.4,59.9,60.2,60.3,60.8,61.1,61.6,62.0,58.873,59.217,58.858,59.116,60.035,60.439
Malta,MLT,41.9,42.4,42.8,43.3,43.8,44.2,44.7,45.2,45.6,46.1,46.6,47.0,47.5,48.0,48.5,48.9,49.4,49.9,47.0,50.8,51.3,51.8,52.2,52.7,53.2,53.6,54.1,54.6,55.0,55.5,56.0,56.5,56.9,57.4,57.9,58.3,58.5,58.6,58.7,58.8,57.3,52.8,55.8,60.8,62.3,63.0,63.5,64.0,64.4,64.9,65.3,65.4,65.5,65.7,65.8,66.0,66.2,66.5,66.8,67.0,67.3,67.7,68.0,68.3,68.6,68.9,69.1,69.4,69.7,70.0,70.2,70.5,70.9,71.1,71.3,71.4,71.5,71.7,71.7,72.0,72.3,72.6,72.8,73.3,73.8,74.3,75.0,75.6,76.0,76.2,76.5,76.7,76.9,77.3,77.5,77.6,77.8,78.0,78.2,78.3,78.5,78.7,79.0,79.1,79.2,79.3,79.5,79.6,79.9,80.2,80.4,80.7,80.9,81.1,81.3,81.2,81.0,81.0,82.2487804878049,82.6585365853659,82.0975609756098,82.2585365853659,82.4487804878049,83.5073170731707
Mauritania,MRT,32.9,33.0,33.0,33.0,33.1,33.1,33.1,33.1,33.2,33.2,33.3,33.3,33.3,33.3,33.4,33.4,33.4,33.5,12.9,33.5,33.6,33.6,33.6,33.6,33.7,33.7,33.8,33.8,33.8,33.8,33.9,33.9,33.9,34.0,34.0,34.0,34.1,34.1,34.1,34.1,34.2,34.2,34.2,34.3,34.3,34.3,35.5,36.7,38.0,39.1,40.4,40.7,41.3,42.0,42.7,43.4,44.2,44.9,45.7,46.5,47.3,48.1,48.9,49.6,50.3,51.0,51.6,52.2,52.8,53.4,53.9,54.2,54.5,54.7,55.0,54.5,54.8,55.2,55.5,56.5,56.8,57.2,57.5,57.8,58.0,58.3,58.9,59.3,59.9,59.6,59.6,60.1,60.4,60.8,60.9,61.4,61.7,62.2,62.6,63.1,63.5,63.9,64.4,64.9,65.3,65.7,66.4,66.9,67.4,67.8,68.2,68.6,69.0,69.3,69.6,69.9,70.2,70.5,67.419,67.64,66.794,66.762,68.281,68.484
Mauritius,MUS,26.1,23.7,28.5,23.6,30.1,23.1,23.5,27.7,23.3,25.8,28.6,29.4,24.8,27.5,30.1,28.1,32.2,30.3,29.1,11.8,30.7,23.5,28.0,33.5,34.3,38.2,36.9,37.1,33.8,31.3,27.2,24.3,29.4,34.6,36.3,35.5,35.5,33.1,32.0,33.9,36.5,36.4,32.6,36.0,34.7,26.5,32.3,37.8,40.8,43.9,47.0,47.5,48.5,49.5,50.6,51.7,52.8,53.9,55.1,56.2,57.3,58.2,59.1,59.8,60.3,60.8,61.0,61.2,61.3,61.3,61.4,61.9,62.4,62.9,63.3,63.5,64.0,64.6,65.3,66.0,66.7,67.2,67.7,67.9,68.0,68.3,68.7,69.0,69.4,69.7,70.1,70.6,70.5,70.5,70.7,71.0,71.0,71.0,71.6,71.8,72.2,72.4,72.4,72.7,73.0,72.9,73.0,73.4,73.5,73.6,74.0,74.3,74.2,74.5,74.4,74.5,74.5,74.8,74.4163414634146,74.2358536585366,74.1770731707317,73.680243902439,73.5146341463415,73.4121951219512
Mexico,MEX,27.7,26.7,28.5,28.8,29.2,26.9,28.0,28.1,28.8,29.3,27.5,28.0,28.4,28.8,29.3,29.7,30.1,30.6,18.3,31.5,31.9,32.3,32.8,33.7,33.0,32.3,34.4,40.5,34.7,35.6,36.4,37.9,38.6,37.5,38.5,40.7,38.6,37.1,39.7,45.8,39.5,42.9,40.1,43.1,43.5,44.5,45.2,46.7,48.7,46.2,49.0,49.5,50.6,51.7,52.7,53.7,54.6,55.4,56.2,57.0,57.6,58.2,58.8,59.2,59.7,60.0,60.4,60.8,61.2,61.6,62.0,62.9,63.2,63.5,64.0,64.5,64.9,65.2,66.0,66.2,66.6,67.1,67.7,68.3,68.7,68.9,69.7,70.2,70.5,70.9,71.4,71.8,72.0,72.2,72.5,72.8,73.2,73.4,73.6,74.1,74.6,74.9,75.0,75.0,75.4,75.3,75.7,75.9,75.5,75.2,75.2,75.5,75.6,75.7,75.8,75.9,75.9,75.5,74.301,74.53,70.449,69.75,73.973,75.069
"Micronesia, Fed. Sts.",FSM,26.5,26.5,26.5,26.5,26.5,26.5,26.4,26.4,26.4,26.4,26.4,26.4,26.4,26.4,26.4,26.4,26.4,26.4,8.56,26.4,26.4,26.4,26.3,26.3,26.3,26.3,27.4,28.4,29.5,30.6,31.6,32.7,33.7,34.8,35.8,36.9,38.0,39.0,40.1,41.1,42.2,43.2,42.2,36.3,27.5,44.1,47.0,49.0,50.6,51.6,52.7,52.8,53.2,53.6,54.0,54.4,54.7,55.1,55.5,55.9,56.2,56.6,57.0,57.4,57.7,58.1,58.5,58.9,59.3,59.6,60.0,60.2,60.4,60.6,60.8,60.9,61.2,61.4,61.7,61.9,62.0,62.0,61.9,62.3,62.5,62.8,62.9,63.1,63.3,63.4,63.5,63.7,63.9,64.2,64.3,64.6,64.8,65.0,65.2,65.4,65.2,65.9,65.1,66.4,66.5,66.6,66.7,66.8,66.8,66.9,67.0,67.0,67.1,67.2,67.2,67.0,67.2,67.2,65.943,66.196,65.878,66.152,66.961,67.198
Moldova,MDA,32.9,32.9,32.9,32.9,32.9,32.8,32.8,32.8,32.8,32.8,32.8,32.8,32.8,32.8,32.8,32.8,32.8,32.7,30.8,32.7,32.7,33.2,33.7,34.1,34.6,35.1,35.5,36.0,36.5,37.0,37.4,37.9,38.4,39.4,40.4,41.5,42.5,43.5,44.6,45.6,46.6,39.8,38.3,34.3,24.4,43.6,50.0,20.6,53.9,55.3,56.9,57.1,57.6,58.0,58.4,58.8,59.1,59.5,59.8,60.2,60.5,60.9,61.2,61.6,61.9,62.3,62.6,62.8,63.1,63.2,63.3,63.6,63.9,64.2,64.5,64.7,65.0,65.2,65.4,65.6,65.7,65.8,66.0,66.4,66.6,66.2,67.8,68.4,68.4,68.3,68.0,67.7,67.6,67.6,66.2,65.8,66.6,67.9,68.6,68.6,68.6,68.9,69.1,69.2,69.1,68.7,68.9,69.3,69.6,69.6,69.8,70.9,71.5,72.1,71.9,71.8,72.4,72.9,70.236,70.181,69.914,68.991,71.546,71.198
Mongolia,MNG,31.5,31.4,31.4,31.4,31.4,31.4,31.4,31.4,31.4,31.4,31.4,31.3,31.3,31.3,31.3,31.3,31.3,31.3,20.0,31.2,31.2,31.2,31.2,31.2,31.2,31.2,31.2,31.1,31.1,31.1,31.1,31.1,31.1,31.1,31.1,31.1,31.1,31.0,31.0,31.0,31.0,31.0,31.0,31.0,31.0,30.9,33.0,35.1,37.2,39.2,41.3,41.4,41.7,42.0,42.5,43.0,43.6,44.4,45.1,46.0,46.8,47.7,48.5,49.3,50.0,50.7,51.3,51.8,52.4,52.9,53.4,54.1,54.8,55.5,56.2,56.8,57.0,57.2,57.4,57.5,57.8,58.0,58.3,58.7,59.2,59.6,60.2,60.7,60.9,61.0,61.2,61.3,61.1,60.9,60.9,60.5,60.5,60.8,61.2,61.6,62.0,62.4,62.8,63.2,63.5,63.9,64.4,65.0,65.5,65.6,66.0,66.7,67.2,67.8,68.3,68.6,68.8,68.9,70.8270731707317,71.0531707317073,71.3490243902439,71.6451219512195,71.9007317073171,72.1224390243902
Montenegro,MNE,35.7,35.7,35.7,35.8,35.8,35.8,35.8,35.8,35.8,35.8,35.8,35.8,35.9,35.9,35.9,35.9,35.9,35.9,19.7,35.9,35.9,36.8,37.6,38.4,39.2,40.0,40.8,41.6,42.5,43.3,44.1,44.9,45.8,46.6,47.4,48.2,49.0,49.9,50.7,51.5,52.3,41.3,38.3,37.1,35.5,37.3,47.0,57.3,58.4,59.8,60.6,60.7,61.0,61.4,61.8,62.3,62.8,63.5,64.1,64.8,65.5,66.3,67.0,67.6,68.3,68.9,69.5,70.1,70.7,71.3,72.0,72.1,72.2,72.3,72.5,72.6,72.8,72.9,73.1,72.6,73.4,73.4,73.4,73.5,73.5,73.6,73.7,73.8,74.0,74.2,74.3,74.6,74.5,74.5,74.3,74.3,74.1,73.8,73.8,73.8,73.9,74.0,74.2,74.3,74.4,74.5,74.7,75.0,75.3,75.7,76.0,76.1,76.2,76.2,76.3,76.4,76.4,76.5,77.8853658536585,76.6829268292683,75.9317073170732,73.8243902439024,76.1878048780488,77.5878048780488
Morocco,MAR,33.5,33.5,33.5,33.6,33.6,33.6,33.6,33.6,33.6,33.6,33.7,33.7,33.7,33.7,33.7,33.7,33.8,33.8,25.9,33.8,33.8,33.8,33.8,33.9,33.9,33.9,33.9,33.9,33.9,33.9,34.0,34.0,34.0,34.0,34.0,34.0,34.0,34.0,34.1,34.1,34.1,35.3,36.6,37.8,39.1,40.3,41.6,42.8,44.1,45.3,46.6,46.8,47.1,47.5,47.8,48.2,48.6,49.0,49.4,49.9,50.3,50.8,51.3,51.7,52.2,52.6,53.1,53.5,54.0,54.4,54.8,55.3,55.9,56.3,56.9,57.3,58.0,58.6,59.2,59.8,60.5,61.1,62.1,62.7,63.4,64.1,64.6,65.1,65.5,66.0,66.6,67.0,67.3,67.5,67.8,67.9,68.2,68.3,68.7,68.9,69.3,69.7,70.0,70.3,70.5,70.8,71.1,71.4,71.6,71.9,72.1,72.3,72.6,72.9,73.2,73.5,73.7,74.0,73.946,74.245,73.133,73.385,75.161,75.313
Mozambique,MOZ,32.1,32.2,32.2,32.3,32.4,32.4,32.5,32.5,32.6,32.7,32.7,32.8,32.9,32.9,33.0,33.0,33.1,33.2,12.8,33.3,33.3,33.4,33.5,33.5,33.6,33.6,33.7,33.8,33.8,33.9,34.0,34.0,34.1,34.1,34.2,34.3,34.3,34.4,34.4,34.5,34.6,34.6,34.7,34.8,34.8,34.9,34.9,35.0,35.1,35.1,35.2,35.5,36.2,36.8,37.5,38.1,38.8,39.5,40.1,40.8,41.4,42.0,42.6,43.2,43.8,44.3,44.9,45.4,46.0,46.6,47.2,47.5,47.8,48.0,48.5,49.1,49.3,49.4,49.6,49.6,49.9,47.3,47.4,47.4,44.9,44.8,46.6,46.8,49.9,50.2,50.3,50.4,50.5,50.6,50.7,50.6,50.6,50.5,50.6,50.6,50.5,50.6,50.5,50.6,50.6,50.6,50.6,50.8,51.3,51.7,52.0,52.5,52.9,53.8,55.1,56.2,57.3,58.4,60.79,61.306,61.39,60.268,63.011,63.611
Myanmar,MMR,29.9,29.8,29.8,29.8,29.7,29.7,29.7,29.6,29.6,29.6,29.5,29.5,29.5,29.4,29.4,29.4,29.3,29.3,17.2,29.3,29.2,29.2,29.2,29.1,29.1,29.1,29.0,29.0,29.0,28.9,28.9,28.9,28.8,28.8,28.8,28.7,28.7,28.7,28.6,28.6,28.6,28.6,25.9,26.4,26.0,25.8,26.7,27.5,28.3,29.4,30.6,31.2,32.5,33.7,34.7,35.6,36.4,37.1,37.7,38.2,38.8,39.3,40.0,40.7,41.5,42.4,43.3,44.0,44.7,45.3,45.8,47.0,47.7,48.4,49.0,49.6,50.3,50.8,51.3,52.0,52.4,52.7,53.0,53.4,53.8,54.1,54.5,54.7,54.7,55.2,55.3,55.5,55.8,56.2,56.5,56.9,57.2,57.6,57.9,58.3,58.7,59.1,59.6,60.1,60.6,61.2,61.9,62.5,57.6,64.0,64.8,65.4,66.1,66.8,67.4,67.8,68.3,68.5,66.232,66.457,66.612,65.553,66.506,66.889
Namibia,NAM,33.5,33.5,33.6,30.1,5.19,10.4,20.8,28.1,33.8,33.8,33.9,33.9,33.9,34.0,34.0,34.0,34.1,34.1,13.2,34.2,34.2,34.3,34.3,34.3,34.4,34.4,34.4,34.5,34.5,34.5,34.6,34.6,34.6,34.7,34.7,34.8,34.8,34.8,34.9,34.9,35.0,35.8,36.7,37.6,38.5,39.4,40.3,41.2,42.1,43.0,43.9,44.3,45.2,46.0,46.9,47.7,48.5,49.3,50.1,50.9,51.6,52.4,53.1,53.8,54.5,55.2,55.8,56.5,57.1,57.8,58.5,58.7,58.8,59.0,59.1,59.3,59.3,59.4,59.3,59.4,59.5,59.8,59.9,60.4,60.8,61.0,61.3,61.7,61.6,61.7,61.6,61.6,61.5,61.1,60.3,59.8,58.9,57.9,56.8,55.7,54.5,53.9,53.1,52.6,52.4,52.6,53.3,54.5,56.0,57.3,59.0,60.9,62.6,63.9,64.9,65.5,66.2,66.5,62.579,63.546,64.071,60.85,64.19,67.385
Nepal,NPL,34.4,34.5,34.5,34.6,34.7,34.7,34.8,34.8,34.9,34.9,35.0,35.0,35.1,35.1,35.2,35.3,35.3,35.4,22.7,35.5,35.5,35.6,35.6,35.7,35.8,35.8,35.9,35.9,36.0,36.0,36.1,36.1,36.2,36.2,36.3,36.4,36.4,36.5,36.5,36.6,36.6,36.7,36.7,36.8,36.9,36.9,37.4,37.8,38.3,38.7,39.2,39.5,40.0,40.5,41.1,41.6,42.1,42.6,43.2,43.7,44.2,44.8,45.3,45.8,46.4,46.9,47.4,47.9,48.4,49.0,49.5,49.9,50.2,50.5,50.8,51.1,51.4,51.8,52.2,52.6,53.0,53.4,53.9,54.4,54.9,55.5,56.0,56.6,57.1,57.8,58.3,59.0,59.9,60.4,61.3,62.0,62.8,63.6,64.3,65.1,65.7,66.4,66.5,67.3,67.5,68.0,68.3,68.5,68.7,69.0,69.2,69.4,69.6,69.9,70.2,69.6,70.6,70.9,69.036,69.299,69.106,68.385,70.087,70.354
Netherlands,NLD,48.4,48.8,50.6,51.5,50.9,52.1,52.8,53.6,52.8,55.0,55.2,53.2,57.3,57.4,57.3,57.3,56.2,55.7,47.6,55.0,57.9,59.8,59.9,62.1,63.0,63.2,63.1,62.7,63.8,62.3,64.8,64.4,65.5,66.2,66.7,66.6,66.8,67.1,67.5,67.8,65.5,65.4,65.9,64.5,61.3,55.5,67.7,69.6,71.2,70.4,71.6,71.6,72.2,71.8,72.5,72.6,72.7,73.1,73.3,73.3,73.5,73.7,73.4,73.5,73.9,73.7,73.7,74.0,73.8,73.7,73.7,73.8,73.9,74.2,74.5,74.7,74.9,75.2,75.3,75.6,75.8,76.0,76.1,76.2,76.3,76.4,76.5,76.7,76.9,76.9,77.0,77.2,77.3,77.1,77.4,77.6,77.6,77.9,78.0,78.0,78.1,78.3,78.4,78.6,79.1,79.5,79.8,80.2,80.3,80.6,80.8,81.0,81.0,81.3,81.5,81.5,81.5,81.5,81.8121951219512,82.1121951219512,81.3585365853659,81.309756097561,81.6146341463415,81.9146341463415
New Zealand,NZL,47.4,47.9,48.3,48.8,49.2,49.7,50.1,50.5,51.0,51.4,51.9,52.3,52.8,53.2,53.7,54.1,54.6,55.0,47.0,55.9,56.3,56.8,57.2,57.7,58.1,58.6,59.0,59.5,59.9,60.4,60.8,61.2,61.7,62.1,62.6,63.0,63.5,63.9,64.4,64.8,65.3,65.7,66.2,66.6,67.0,67.5,67.9,68.4,68.8,68.9,69.3,69.1,69.3,70.2,70.3,70.4,70.7,70.2,70.8,70.8,71.2,70.9,71.2,71.3,71.3,71.2,71.1,71.5,71.1,71.5,71.3,71.5,71.5,71.7,71.8,71.9,72.1,72.2,72.6,72.5,72.9,73.3,73.5,73.7,73.9,73.8,74.0,74.2,74.5,74.9,75.3,75.8,76.0,76.1,76.6,76.5,76.8,77.2,77.8,77.9,78.3,78.6,78.7,78.9,79.3,79.7,79.9,80.0,80.1,80.4,80.7,80.6,81.0,81.3,81.3,81.5,81.7,81.6,81.7073170731707,82.0560975609756,82.2560975609756,82.2073170731707,81.9585365853658,83.0048780487805
Nicaragua,NIC,25.9,25.9,25.9,25.9,25.9,26.0,26.0,26.0,26.0,26.0,26.0,26.1,26.1,26.1,26.1,26.1,26.1,25.9,22.9,25.5,25.3,25.1,25.7,26.3,26.8,27.4,28.0,28.5,29.1,29.7,30.3,30.8,31.4,32.0,32.5,33.1,33.7,34.3,34.8,35.4,36.0,36.7,37.4,38.1,38.8,39.5,40.3,41.0,41.7,42.4,43.1,43.5,44.1,44.8,45.5,46.2,46.9,47.6,48.3,49.0,49.7,50.4,51.1,51.9,52.6,53.3,54.1,54.8,55.6,56.3,57.1,58.4,51.0,61.0,62.2,63.0,63.7,64.6,63.4,59.5,66.0,66.0,66.2,63.9,63.3,63.8,65.3,65.4,68.5,71.1,71.9,71.8,72.2,72.3,72.7,72.8,73.2,73.8,73.8,74.6,75.0,75.0,75.1,75.2,75.5,75.6,76.3,76.5,76.8,77.1,77.6,77.7,77.7,77.6,77.4,78.1,78.5,78.8,73.879,73.764,70.766,70.478,74.463,74.947
Niger,NER,32.5,32.6,32.6,32.7,32.8,32.8,32.9,32.9,33.0,33.0,33.1,33.2,33.2,33.3,33.3,33.4,33.5,33.5,13.0,33.6,33.7,33.7,33.8,33.9,33.9,34.0,34.0,34.1,34.1,34.2,34.3,34.3,34.4,34.4,34.5,34.5,34.6,34.7,34.7,34.8,34.8,34.9,35.0,35.0,35.1,35.1,36.1,37.1,38.1,39.1,40.1,40.2,40.3,40.4,40.6,40.7,40.9,41.0,41.2,41.4,41.5,41.7,41.8,42.0,42.1,42.3,42.4,42.5,42.7,42.9,43.1,42.7,43.1,43.0,42.9,42.7,42.6,42.6,42.7,43.0,43.4,43.2,43.7,43.9,43.8,44.1,44.3,44.8,45.4,46.0,46.6,47.0,47.3,47.7,48.2,48.6,49.4,50.0,50.7,51.3,51.8,52.4,53.2,54.0,54.9,55.7,56.5,57.2,58.0,58.5,59.1,59.5,60.0,60.5,61.0,61.3,61.9,62.4,59.765,60.031,59.89,59.542,60.398,61.183
Nigeria,NGA,33.8,33.9,34.0,34.1,34.2,34.3,34.5,34.6,34.7,34.8,34.9,35.0,35.1,35.2,35.4,35.5,35.6,35.7,16.9,35.9,36.0,36.1,36.3,36.4,36.5,36.6,36.7,36.8,36.9,37.0,37.1,37.3,37.4,37.5,37.6,37.7,37.8,37.9,38.0,38.2,38.3,38.4,38.5,38.6,38.7,38.8,39.7,40.6,41.4,42.3,43.2,43.5,44.1,44.7,45.3,45.9,46.6,47.3,48.1,48.8,49.6,50.3,51.0,51.8,52.4,53.1,53.8,46.2,39.5,36.9,50.7,51.1,51.6,52.1,52.7,53.2,53.6,54.2,54.6,55.0,55.3,55.5,55.7,55.9,56.0,56.3,56.1,55.9,55.7,55.6,55.5,55.5,55.6,55.5,55.5,55.4,55.2,55.4,55.3,55.2,55.2,55.4,55.7,56.0,56.5,57.3,57.9,58.5,59.2,59.9,60.5,61.1,61.7,62.4,62.6,63.4,63.9,64.3,52.669,53.009,53.072,53.455,54.079,54.462
North Korea,PRK,27.0,27.1,27.1,27.1,26.6,26.1,25.7,25.2,24.7,25.0,25.4,25.7,26.1,26.4,26.9,27.5,28.1,28.6,18.1,29.3,29.8,30.4,31.0,31.6,32.5,33.4,34.3,35.3,36.2,37.0,37.9,38.8,39.6,40.5,41.7,42.8,44.0,45.2,46.4,47.1,47.8,48.5,49.1,47.1,46.1,46.7,49.5,51.8,52.5,53.0,39.8,29.9,27.7,35.5,47.7,52.3,54.0,55.2,55.9,56.8,57.4,57.9,58.4,59.0,59.9,61.0,62.3,63.7,65.0,66.3,67.5,68.2,68.7,69.2,69.7,70.0,70.3,70.5,70.7,70.8,71.0,71.1,71.2,71.3,71.3,71.4,71.5,71.5,71.6,71.7,71.8,71.8,71.8,71.8,71.7,62.9,62.8,62.6,62.4,62.3,62.1,62.0,61.9,70.2,70.2,70.3,70.4,70.4,70.6,70.7,70.9,71.0,71.1,71.3,71.4,71.6,71.8,72.0,73.02,72.928,72.783,73.437,73.641,73.642
North Macedonia,MKD,36.5,36.5,36.5,36.5,36.5,36.6,36.6,36.6,36.6,36.6,36.6,36.6,36.7,36.7,36.7,36.7,36.7,36.7,20.2,36.8,36.8,37.3,37.9,38.4,39.0,39.5,40.1,40.6,41.2,41.7,42.3,42.9,43.4,44.0,44.5,45.1,45.6,46.2,46.8,47.3,47.9,47.2,45.8,44.5,43.4,43.4,49.4,51.9,53.0,53.8,54.6,55.1,56.1,57.1,58.0,58.9,59.7,60.5,61.2,62.0,62.6,63.3,64.0,64.6,65.3,65.9,66.5,67.1,67.7,68.2,68.8,69.1,69.4,69.7,70.0,70.2,70.4,70.5,70.6,70.7,70.7,70.7,70.8,71.0,71.4,71.6,71.7,71.6,71.6,71.7,71.9,72.3,72.0,72.0,72.4,72.7,72.9,73.1,73.2,73.8,73.9,73.7,73.9,74.1,74.7,74.8,74.8,74.9,75.4,75.5,75.9,76.3,76.3,76.8,77.0,76.5,76.3,76.5,76.6487804878049,76.6024390243903,74.3951219512195,73.2463414634146,74.4248780487805,75.3160975609756
Norway,NOR,53.4,54.5,56.4,54.9,56.0,55.0,56.8,56.4,56.2,57.4,57.9,58.0,57.7,58.2,57.7,58.1,57.2,57.7,50.2,56.7,58.8,61.5,60.7,61.7,62.0,62.4,63.1,62.8,63.3,62.4,64.0,64.0,64.5,65.3,66.1,65.7,65.7,65.9,66.9,67.2,65.7,65.6,65.5,66.0,65.6,68.0,69.3,69.8,71.0,71.3,71.4,72.3,72.5,73.0,73.0,73.2,73.3,73.2,73.2,73.3,73.4,73.4,73.3,72.9,73.4,73.5,73.8,73.8,73.7,73.4,73.8,74.0,74.2,74.4,74.5,74.7,74.8,75.1,75.3,75.3,75.5,75.7,75.8,75.9,76.0,76.0,76.0,76.0,76.2,76.5,76.7,77.0,77.1,77.4,77.6,77.9,78.0,78.3,78.3,78.5,78.6,78.8,79.0,79.5,79.8,80.1,80.4,80.5,80.7,80.8,80.9,80.8,81.5,81.5,81.9,82.3,82.4,82.3,82.7585365853659,82.9585365853659,83.209756097561,83.1634146341463,82.509756097561,83.1121951219512
Oman,OMN,32.1,32.1,32.1,32.1,32.1,32.1,32.1,32.1,32.0,32.0,32.0,32.0,32.0,32.0,32.0,32.0,32.0,32.0,26.5,32.0,32.0,32.0,32.0,32.0,31.9,31.9,31.9,31.9,31.9,31.9,31.9,31.9,31.9,31.9,31.9,31.9,31.9,31.9,31.9,31.9,31.9,31.8,31.8,31.8,31.8,31.8,32.2,32.5,32.9,33.3,33.6,34.1,35.0,35.9,36.8,37.7,38.6,39.4,40.3,41.1,41.9,42.7,43.5,44.3,45.0,45.8,46.5,47.2,47.9,48.6,49.3,50.7,51.4,52.4,53.6,54.8,56.7,57.6,58.8,59.9,60.9,61.9,62.9,64.0,64.9,65.8,66.6,67.2,67.7,68.2,68.8,69.2,69.7,70.2,70.6,71.0,71.4,71.8,72.2,72.7,73.0,73.4,73.7,74.1,74.5,74.9,75.1,75.2,75.2,75.3,75.2,75.0,75.4,76.0,76.2,76.4,76.9,77.1,79.864,79.946,77.763,75.969,77.911,80.031
Pakistan,PAK,21.4,22.6,22.4,22.2,20.6,20.4,20.3,18.1,22.3,22.6,22.9,23.2,23.6,23.9,24.2,24.6,24.9,25.2,8.42,25.9,26.2,26.5,26.9,27.2,27.5,27.9,28.2,28.6,29.0,29.4,29.7,30.1,30.5,30.9,31.3,31.7,32.0,32.4,32.8,33.2,33.6,34.0,34.4,34.8,35.2,35.6,36.0,11.1,32.8,37.1,37.5,38.2,39.4,40.7,41.9,43.1,44.2,45.4,46.5,47.5,48.6,49.5,50.5,51.4,52.2,53.0,53.7,54.4,55.0,55.7,56.2,51.6,57.0,57.3,57.5,57.9,58.3,58.5,58.9,59.3,59.6,59.9,60.3,60.6,60.9,61.0,61.2,61.2,61.3,61.5,61.7,61.4,61.4,61.4,61.4,61.2,61.3,61.3,61.5,61.7,61.9,62.1,62.3,62.4,62.6,61.8,63.1,63.5,63.7,64.0,64.3,64.7,65.0,65.3,65.5,66.0,66.4,66.8,66.481,66.729,65.701,65.773,67.417,67.649
Palestine,PSE,33.2,33.2,33.3,33.3,33.4,33.4,33.4,33.5,33.5,33.5,33.6,33.6,33.6,33.7,33.7,33.8,33.8,33.8,28.1,33.9,33.9,34.0,34.0,34.1,34.1,34.1,34.2,34.2,34.2,34.3,34.3,34.4,34.4,34.4,34.5,34.5,35.5,36.6,37.6,38.7,39.7,40.8,41.8,42.9,44.0,45.0,46.1,47.1,48.2,49.3,50.4,50.5,50.8,51.1,51.5,51.9,52.3,52.8,53.3,53.8,54.4,55.1,55.8,56.5,57.3,58.0,58.9,59.7,60.5,61.3,62.1,66.2,66.5,40.5,66.7,66.8,67.0,67.2,67.7,68.2,68.7,69.0,44.1,69.8,70.1,70.4,70.6,70.5,70.5,70.5,70.6,70.8,71.0,71.3,71.7,71.9,72.1,72.2,72.3,72.4,70.5,69.8,68.9,70.0,69.6,70.9,69.4,71.3,69.1,69.8,73.9,74.3,74.4,75.7,75.5,76.2,76.6,76.8,75.38,75.811,74.998,73.89,76.662,65.17
Panama,PAN,33.4,33.5,33.5,33.5,33.5,33.5,33.5,33.5,33.6,33.6,33.6,33.6,33.6,33.7,33.7,33.7,33.9,34.1,30.2,34.6,34.8,35.0,35.3,35.5,35.7,35.9,36.1,36.4,36.6,36.8,37.0,37.7,38.4,39.1,39.8,40.5,41.2,41.9,42.6,43.3,44.0,45.4,46.8,48.2,49.6,51.0,52.5,53.9,55.3,56.7,58.1,58.4,59.0,59.6,60.2,60.8,61.4,62.0,62.6,63.2,63.8,64.4,64.9,65.5,66.0,66.5,67.0,67.5,68.0,68.5,69.0,69.7,70.4,71.1,71.7,72.3,72.8,73.4,73.8,74.2,74.5,74.7,74.9,75.1,75.2,75.3,75.5,75.7,75.7,75.2,75.8,76.0,75.8,75.7,75.9,75.9,76.2,76.0,76.3,77.0,77.4,77.7,77.8,77.8,78.0,78.0,78.0,78.2,78.1,78.1,78.2,78.3,78.3,78.4,78.6,78.9,79.1,79.3,78.266,78.514,76.33,77.004,79.324,79.594
Papua New Guinea,PNG,32.8,32.9,32.9,33.0,33.0,33.0,33.1,33.1,33.2,33.2,33.3,33.3,33.4,33.4,33.5,33.5,33.5,33.6,33.6,33.7,33.7,33.8,33.8,33.8,33.9,33.9,34.0,34.0,34.1,34.1,34.1,34.2,34.2,34.3,34.3,34.4,34.4,34.5,34.5,34.5,34.6,34.6,34.1,33.1,32.0,30.9,34.9,35.5,36.2,36.8,37.5,37.8,38.4,39.0,39.6,40.2,40.8,41.4,42.0,42.6,43.3,44.0,44.8,45.7,46.6,47.6,48.6,49.6,50.6,51.6,52.5,52.6,53.0,53.2,53.4,53.5,53.6,53.7,53.7,53.8,53.8,53.8,53.8,53.8,53.9,53.9,54.0,54.2,54.3,54.4,54.4,54.4,54.7,55.0,55.3,55.6,55.8,56.0,55.3,56.0,56.0,55.9,55.8,55.7,55.6,55.6,55.6,55.7,55.9,56.0,56.3,56.6,56.8,57.2,57.6,57.9,58.2,58.5,65.114,65.331,65.075,64.358,65.274,66.134
Paraguay,PRY,36.1,36.1,36.2,36.2,36.2,36.2,36.2,36.3,36.3,36.3,36.3,36.3,36.4,36.4,36.4,36.4,36.5,36.5,32.3,36.5,36.5,36.5,36.6,36.6,36.6,36.6,36.6,36.7,36.7,36.7,36.7,36.8,36.8,38.4,40.0,41.5,43.1,44.7,46.3,47.9,49.5,51.1,52.7,54.3,55.9,57.5,59.1,60.8,62.4,64.0,65.6,65.6,65.7,65.7,65.8,66.0,66.2,66.4,66.7,66.9,67.2,67.5,67.7,68.0,68.2,68.3,68.5,68.7,68.9,69.1,69.3,69.4,69.6,69.8,70.0,70.3,70.6,70.9,71.3,71.6,71.9,72.1,72.5,72.5,72.7,73.0,73.3,73.7,74.0,74.0,74.3,74.5,74.3,73.7,73.7,74.0,74.0,74.4,74.5,74.5,74.5,74.8,74.9,74.7,74.1,74.4,74.3,74.8,74.9,74.7,74.6,74.8,75.1,74.9,75.3,75.8,75.9,76.1,73.627,73.668,72.72,68.108,72.319,73.844
Peru,PER,34.6,34.6,34.5,34.5,34.5,34.4,34.4,34.4,34.3,34.3,34.2,34.2,34.2,34.1,34.1,34.1,34.0,34.0,30.0,33.9,33.9,33.8,33.8,33.8,33.7,33.7,33.7,33.6,33.6,33.5,33.5,33.5,33.4,33.4,33.4,33.3,33.3,33.3,33.2,33.2,33.1,33.8,34.5,35.1,35.7,36.4,37.0,37.7,38.3,39.0,39.6,39.7,40.0,40.4,40.7,41.1,41.5,41.9,42.4,42.9,43.3,43.8,44.2,44.6,45.0,45.3,45.8,46.2,46.8,47.4,48.0,58.9,60.0,60.8,61.7,62.7,63.4,64.0,64.3,64.5,64.6,64.9,65.3,65.5,65.8,66.5,67.3,68.1,68.9,69.4,70.0,70.5,70.3,70.6,71.2,71.4,72.0,72.6,73.1,74.2,74.7,75.6,76.0,75.9,76.3,76.8,77.4,77.9,77.9,77.4,77.5,78.0,78.4,78.9,79.4,80.0,80.2,80.3,76.018,76.275,73.832,71.596,76.834,77.74
Philippines,PHL,31.3,31.4,12.9,20.3,31.4,31.4,31.4,31.4,31.4,31.5,31.5,31.5,31.5,31.5,31.5,31.6,31.6,31.6,26.2,31.6,31.6,31.6,31.6,31.7,31.7,31.7,32.4,33.2,33.9,34.6,35.4,36.1,36.8,37.6,38.3,39.0,39.8,40.5,41.3,42.5,43.8,42.4,36.0,38.4,33.6,30.9,42.5,46.0,49.6,53.2,56.8,57.0,57.4,57.8,58.1,58.5,58.9,59.2,59.6,59.9,60.3,60.6,61.0,61.3,61.7,62.0,62.3,62.7,63.0,63.4,63.7,64.0,63.9,64.1,64.3,64.5,64.3,64.9,65.1,65.4,65.5,65.7,65.8,66.1,66.1,66.3,66.5,66.6,67.1,67.6,67.9,68.5,68.4,68.7,69.0,69.0,69.3,69.3,69.4,69.5,69.3,69.2,69.1,69.1,69.2,69.1,69.0,69.2,69.2,69.1,69.2,69.3,69.3,69.2,69.3,69.2,69.5,69.7,69.761,69.68,70.097,66.675,69.472,69.833
Poland,POL,40.5,40.8,41.1,41.4,41.7,42.0,42.3,42.6,42.9,43.2,43.5,43.8,44.1,44.4,44.7,45.0,45.3,45.6,38.7,46.2,46.5,46.8,47.1,47.5,47.8,48.1,48.4,48.7,49.0,49.3,49.6,49.9,50.4,50.9,51.4,51.8,52.3,52.8,53.3,45.1,44.8,41.2,33.5,23.6,15.4,34.4,47.1,54.1,57.1,58.1,59.2,59.8,61.0,62.1,63.1,64.0,64.8,65.6,66.1,65.7,68.0,68.2,67.8,68.7,69.0,69.7,70.1,69.8,70.4,69.9,70.1,70.1,70.8,71.0,71.4,71.0,71.0,70.8,70.9,71.1,70.7,71.4,71.5,71.3,71.1,70.9,71.2,71.2,71.5,71.3,71.2,70.9,71.3,72.0,72.0,72.1,72.6,72.8,73.2,73.2,73.9,74.3,74.7,74.9,75.0,75.2,75.3,75.3,75.6,75.9,76.4,76.7,76.8,77.1,77.6,77.5,77.8,78.0,77.6024390243903,77.9048780487805,76.4,75.3512195121951,77.1560975609756,78.5073170731707
Portugal,PRT,35.6,35.6,35.6,35.6,35.6,35.6,35.6,35.6,35.6,35.6,35.6,35.6,35.6,35.6,35.6,35.6,35.6,35.6,20.4,35.6,35.6,35.6,35.6,35.6,35.6,35.6,36.7,37.7,38.8,39.8,40.9,42.0,43.0,44.1,45.1,46.2,47.2,48.3,49.4,50.4,51.5,48.0,49.9,51.1,52.5,53.9,53.7,56.1,56.8,55.4,58.6,58.8,59.9,61.2,62.3,61.5,61.3,61.6,63.9,63.0,64.3,62.9,64.4,65.1,65.3,66.3,65.8,66.7,67.0,66.6,67.2,67.5,68.2,68.6,68.9,69.6,69.9,70.1,70.6,71.1,71.5,71.8,72.2,72.5,72.7,73.0,73.3,73.6,73.8,74.0,74.1,74.1,74.4,74.6,75.4,75.3,75.3,75.7,76.0,76.3,76.7,77.0,77.3,77.6,78.3,78.8,79.1,79.3,79.5,79.7,80.0,80.4,80.6,80.9,81.2,81.5,81.5,81.4,81.3243902439024,81.6756097560976,81.3292682926829,81.3780487804878,81.6317073170732,82.2804878048781
Qatar,QAT,30.2,30.2,30.2,30.2,30.2,30.1,30.1,30.1,30.1,30.1,30.1,30.0,30.0,30.0,30.0,30.0,29.9,29.9,24.8,29.9,29.9,29.8,29.8,29.8,29.8,29.8,29.8,29.7,29.7,29.7,29.7,29.7,29.6,29.6,29.6,29.6,29.6,29.5,29.5,29.5,29.5,31.6,33.8,36.0,38.1,40.3,42.4,44.6,46.7,48.9,51.0,51.4,52.1,52.9,53.6,54.3,55.0,55.7,56.4,57.1,57.8,58.4,59.1,59.8,60.5,61.1,61.8,62.4,63.0,63.6,64.2,64.2,64.3,64.3,64.9,65.4,66.1,66.6,67.0,67.3,67.4,67.6,67.4,68.1,69.3,69.6,70.0,70.5,70.7,71.2,71.5,71.6,71.7,71.6,71.8,72.2,72.4,72.6,73.0,73.5,74.1,74.9,75.5,76.1,76.6,76.6,76.9,77.2,77.3,77.6,78.0,78.5,78.9,79.2,79.5,79.9,80.1,80.2,82.714,82.945,80.409,81.083,81.857,82.368
Romania,ROU,35.7,35.7,35.7,35.7,35.7,35.7,35.7,35.7,35.8,35.8,35.8,35.8,35.8,35.8,35.8,35.8,35.8,35.8,26.5,35.8,35.8,36.3,36.8,37.3,37.9,38.4,38.9,39.5,40.0,40.5,41.0,41.6,42.1,43.2,44.2,45.3,46.4,47.4,48.5,49.5,50.6,45.5,44.8,42.5,41.3,45.5,54.1,58.1,59.1,60.2,61.3,61.2,61.1,61.2,61.5,62.0,62.6,63.3,64.2,65.1,65.9,66.7,67.3,67.7,67.9,68.0,68.0,67.9,68.0,68.1,68.4,68.9,69.2,69.3,69.9,70.0,70.4,69.8,69.9,69.5,69.7,69.8,70.0,70.2,70.1,69.8,70.0,69.4,69.7,69.9,69.9,70.3,69.8,69.6,69.5,69.4,69.0,69.1,69.9,70.7,71.1,71.1,71.1,71.4,71.9,72.2,72.7,73.2,73.3,73.4,73.7,74.5,74.6,74.9,74.9,75.1,75.2,75.2,75.3585365853659,75.6073170731707,74.2536585365854,72.809756097561,75.1536585365854,76.6073170731707
Russia,RUS,30.8,29.1,29.8,31.8,32.2,30.5,32.0,33.6,33.6,32.4,31.4,35.1,35.5,33.3,33.0,31.5,31.5,29.0,23.0,25.0,20.5,23.8,24.7,33.6,36.1,35.2,38.4,37.5,38.9,37.4,36.5,35.0,32.8,17.4,38.2,39.6,41.1,39.9,41.4,43.6,41.2,23.0,18.0,16.0,27.0,34.0,46.1,40.4,52.2,55.0,57.3,57.8,58.2,59.0,61.0,63.4,64.9,64.0,66.9,67.7,68.7,68.9,68.6,69.0,69.8,69.4,69.5,69.3,69.3,68.7,68.9,69.0,68.8,69.0,68.8,68.3,68.0,68.0,67.9,67.6,67.6,67.9,68.3,68.1,67.8,68.5,70.0,70.2,70.1,69.8,69.5,69.3,68.2,65.5,64.0,64.8,66.0,67.1,67.4,66.2,65.5,65.5,65.3,65.1,65.3,64.8,66.3,67.3,67.5,68.4,68.1,69.8,70.2,70.7,70.8,71.3,71.8,72.1,72.6621951219512,73.0839024390244,71.3387804878049,69.900243902439,72.5456097560976,73.2546341463415
Rwanda,RWA,25.4,24.4,23.4,22.4,32.4,32.4,26.5,25.5,24.5,32.5,32.5,32.5,32.5,32.5,32.6,32.6,26.7,24.6,12.6,32.6,32.7,32.7,32.7,32.7,26.8,25.8,24.7,32.8,26.8,24.8,32.9,32.9,33.3,33.8,34.2,34.6,35.1,35.5,36.0,36.5,36.9,37.4,37.8,35.4,20.3,39.0,39.5,39.9,40.3,40.7,41.1,41.3,41.6,42.0,42.3,42.6,43.0,43.3,43.7,44.0,44.4,44.7,45.0,45.3,45.6,45.9,46.1,46.4,46.5,46.7,46.8,47.0,47.1,47.3,47.5,47.6,47.9,48.2,48.6,49.3,50.2,51.0,51.8,52.3,52.5,52.6,52.7,52.4,51.9,51.0,49.4,49.2,48.9,48.4,9.64,46.5,47.5,46.5,47.7,49.0,49.6,50.8,52.3,53.8,55.4,57.0,58.7,60.3,61.8,63.1,64.3,65.2,66.0,66.7,67.2,67.7,68.0,68.5,66.354,66.691,66.953,66.85,67.528,67.785
Samoa,WSM,27.1,27.1,27.2,27.2,27.3,27.3,27.4,27.4,27.5,27.6,27.6,27.7,27.7,27.8,27.8,27.9,27.9,28.0,1.1,28.1,28.2,28.2,28.3,28.3,28.4,28.4,28.5,28.5,28.6,28.6,28.7,28.8,28.8,28.9,28.9,30.4,31.8,33.3,34.7,36.2,37.7,39.1,40.6,42.1,43.6,45.1,46.6,48.1,49.6,51.1,52.7,53.1,53.8,54.5,55.2,55.9,56.6,57.4,58.1,58.8,59.5,60.2,60.9,61.6,62.3,63.0,63.8,64.5,65.2,65.9,66.7,66.7,66.7,66.7,66.7,67.2,67.7,68.1,68.6,68.8,69.2,69.3,69.4,69.6,69.7,69.9,70.1,70.3,70.4,70.6,70.8,70.7,71.0,71.1,71.1,71.1,71.1,71.3,71.5,71.6,71.7,71.8,72.0,72.1,72.2,72.2,72.4,72.4,72.5,70.3,72.5,72.5,72.3,72.6,72.7,72.7,72.8,72.9,71.052,70.269,70.727,71.096,71.55,71.698
Sao Tome and Principe,STP,31.4,31.4,31.5,31.5,31.5,31.5,31.5,31.5,31.6,31.6,31.6,31.6,31.6,31.6,31.6,31.7,31.7,31.7,12.3,31.7,31.7,31.7,31.8,31.8,31.8,31.8,31.8,31.8,31.8,31.9,31.9,31.9,31.9,31.9,31.9,31.9,33.0,34.0,35.0,36.0,37.0,38.0,39.1,40.1,41.1,42.1,43.2,44.2,45.2,46.2,47.3,47.5,47.9,48.4,48.9,49.5,50.0,50.6,51.2,51.9,52.5,53.1,53.7,54.3,54.9,55.5,56.1,56.6,57.2,57.8,58.5,59.2,59.9,60.5,61.0,61.6,62.1,62.6,62.9,63.1,63.0,62.8,62.6,62.3,62.1,62.4,62.8,63.1,63.2,62.3,63.3,63.4,63.5,63.5,63.7,63.8,63.6,63.7,63.8,64.2,64.6,65.0,65.3,65.8,66.0,66.1,66.8,67.3,67.7,68.4,68.9,69.3,69.3,69.7,70.0,70.3,70.6,66.9,67.602,68.043,67.979,68.026,69.237,69.718
Saudi Arabia,SAU,34.2,34.3,34.3,34.4,34.5,34.5,34.6,34.7,34.8,34.8,34.9,35.0,35.0,35.1,35.2,35.3,35.3,35.4,29.4,35.5,35.6,35.7,35.8,35.8,35.9,36.0,36.0,36.1,36.2,36.2,36.3,36.4,36.5,36.5,36.6,36.7,36.7,36.8,36.9,36.9,37.0,37.1,37.1,37.2,37.3,37.4,39.5,41.6,43.8,46.0,48.1,48.5,49.2,49.8,50.5,51.2,51.9,52.5,53.2,53.9,54.6,55.3,56.0,56.8,57.6,58.5,59.4,60.5,61.6,62.9,64.2,64.9,65.8,66.7,67.6,68.3,68.9,69.5,69.9,70.1,70.7,71.1,71.3,71.5,71.5,71.6,71.7,71.8,71.9,71.9,71.7,72.2,72.6,73.0,73.3,73.6,73.8,74.0,74.3,74.5,74.7,74.8,74.7,74.7,74.8,74.7,74.7,74.7,74.7,74.7,74.8,75.0,75.3,75.7,76.0,76.2,76.6,76.9,78.75,78.313,77.596,77.089,77.31,78.732
Senegal,SEN,26.9,27.0,27.1,27.1,27.2,27.2,27.3,27.4,27.4,27.5,27.5,27.6,27.6,27.7,27.8,27.8,27.9,27.9,13.2,28.1,28.1,28.2,28.2,28.0,27.8,27.5,27.3,27.1,27.4,27.7,28.1,28.4,28.8,29.1,29.4,29.8,30.1,30.5,30.9,31.3,31.7,32.1,32.5,33.0,33.4,33.8,35.2,36.6,38.0,39.5,40.9,41.3,41.9,42.6,43.2,43.8,44.4,44.9,45.4,45.8,46.2,46.5,46.6,46.7,46.8,46.8,46.9,47.0,47.3,47.7,48.3,48.5,48.9,49.2,49.6,50.1,50.7,51.3,51.8,52.6,53.1,53.6,54.3,55.2,56.1,56.4,56.8,57.2,57.7,58.1,58.4,58.8,58.9,59.0,59.1,59.1,59.2,59.5,59.7,60.1,60.6,61.2,61.5,62.3,62.8,63.4,63.9,64.5,65.1,65.5,65.9,66.3,66.6,66.9,67.2,67.5,67.8,68.0,67.379,67.668,67.496,66.868,67.788,68.683
Serbia,SRB,35.6,35.6,35.6,35.6,35.6,35.6,35.6,35.6,35.6,35.6,35.6,35.6,35.6,35.6,25.1,16.1,21.1,20.1,9.94,35.7,35.7,36.4,37.2,38.0,38.7,39.5,40.2,41.0,41.8,42.5,43.3,44.1,44.8,45.6,46.4,47.1,47.9,48.6,49.4,50.2,50.9,44.4,42.1,40.6,39.1,43.6,51.4,55.6,57.0,57.8,58.6,58.8,59.3,59.8,60.3,60.8,61.3,61.8,62.4,62.9,63.4,64.0,64.5,65.1,65.6,66.1,66.6,67.1,67.5,68.0,68.3,68.4,68.8,69.1,69.3,69.5,69.6,69.7,69.8,69.9,70.0,70.1,70.1,70.2,70.2,70.4,70.5,70.6,70.8,70.8,70.9,72.0,71.4,71.3,71.2,71.1,71.1,71.1,71.7,69.4,72.1,72.4,72.5,72.4,72.6,72.7,73.2,73.7,73.9,74.0,74.4,74.5,74.7,75.0,75.1,75.1,75.5,75.7,75.890243902439,75.9365853658537,74.4780487804878,72.780487804878,75.2365853658537,76.2209756097561
Seychelles,SYC,45.0,45.3,45.6,45.9,46.1,46.4,46.7,46.9,47.2,47.5,47.7,48.0,48.3,48.6,48.8,49.1,49.4,49.6,49.9,50.2,50.5,50.7,51.0,51.3,51.5,51.8,52.1,52.3,52.6,52.9,53.2,53.4,53.7,54.0,54.2,54.5,54.8,55.1,55.3,55.6,55.9,56.1,56.4,56.7,57.0,57.2,57.5,57.8,58.0,58.3,58.6,58.5,58.5,58.5,58.7,59.0,59.4,59.9,60.5,61.2,61.8,62.5,63.1,63.6,64.1,64.5,64.8,65.2,65.6,66.0,66.5,67.0,67.5,68.2,68.8,69.2,69.6,70.0,70.6,71.2,71.6,72.0,71.7,72.0,71.6,71.1,70.8,70.6,70.7,70.5,70.5,70.5,70.5,70.3,70.6,70.9,71.0,70.9,71.2,71.4,71.5,71.7,71.9,72.1,72.1,72.4,72.7,72.8,73.0,73.0,73.2,73.3,73.4,73.5,73.5,73.5,73.5,73.6,72.8414634146341,74.0463414634146,77.2365853658537,73.3975609756097,73.7024390243903,74.9585365853659
Sierra Leone,SLE,27.4,27.5,27.5,27.6,27.7,27.8,27.9,27.9,28.0,28.1,28.2,28.2,28.3,28.4,28.5,28.5,28.6,28.7,13.6,28.8,28.9,29.0,29.1,29.1,29.2,29.3,29.4,29.3,29.3,29.2,29.1,29.1,29.2,29.3,29.4,29.6,29.7,29.8,29.9,30.1,30.2,30.3,30.4,30.6,30.7,30.8,31.7,32.6,33.5,34.4,35.3,35.5,35.9,36.2,36.6,36.9,37.3,37.6,38.0,38.3,38.7,39.0,39.4,39.8,40.2,40.7,41.3,42.1,43.0,44.0,45.1,45.5,45.9,46.2,46.5,46.8,47.1,47.3,47.4,47.6,47.7,47.9,48.1,48.3,48.5,48.7,48.7,49.1,49.4,49.7,50.1,49.8,50.4,50.6,50.0,49.7,51.0,50.9,48.9,49.2,50.9,51.4,51.5,51.8,52.1,52.6,53.0,53.5,54.1,54.6,55.4,56.1,56.9,57.9,57.1,58.5,59.8,60.4,59.059,59.593,59.694,60.26,61.275,61.786
Singapore,SGP,34.2,34.2,34.2,34.2,34.2,34.2,34.2,34.2,34.2,34.2,34.2,34.2,34.2,34.3,34.3,34.3,34.3,34.3,22.0,34.3,34.3,35.1,35.9,36.8,37.6,38.4,39.3,40.1,40.9,41.7,42.6,43.4,44.2,45.0,45.9,46.7,47.5,48.4,49.2,50.0,50.9,49.6,35.5,37.3,36.5,35.3,44.6,53.7,56.7,58.2,59.2,59.7,60.6,61.6,62.4,63.3,64.0,64.7,65.4,66.0,66.5,66.9,67.3,67.5,67.8,68.0,68.2,68.4,68.6,68.9,69.3,69.5,69.7,70.0,70.5,71.0,71.2,71.5,71.8,72.0,72.2,72.4,72.6,72.9,73.4,73.8,74.3,74.7,75.0,75.4,76.1,76.5,76.9,77.1,77.2,77.3,77.8,78.2,78.6,79.0,79.3,79.6,80.0,80.6,80.9,81.1,81.5,81.9,82.2,82.9,83.2,83.4,83.6,83.9,84.2,84.4,84.7,84.8,83.2975609756098,83.5951219512195,83.5439024390244,83.0926829268293,82.8951219512195,82.8951219512195
Slovak Republic,SVK,37.9,38.2,38.5,38.8,39.1,39.4,39.7,40.0,40.3,40.6,40.9,41.2,41.5,41.8,42.1,42.4,42.7,43.0,31.9,43.6,43.9,44.2,44.8,45.5,46.1,46.7,47.4,48.0,48.6,49.3,49.9,50.4,50.8,51.3,51.8,52.3,52.7,53.2,53.8,54.1,54.0,53.8,52.0,47.5,42.5,40.5,54.0,58.0,59.0,60.3,60.9,61.3,64.4,65.7,66.7,67.8,68.4,67.5,69.3,69.0,70.3,70.8,70.3,70.7,71.1,70.3,70.4,71.0,70.5,69.8,69.7,69.8,70.0,70.0,70.2,70.3,70.4,70.5,70.4,70.6,70.5,70.6,70.7,70.6,70.7,70.7,70.9,70.9,71.0,71.0,71.0,71.1,71.5,72.0,72.5,72.5,73.0,72.8,72.8,73.1,73.5,73.7,73.9,74.0,74.4,74.3,74.5,74.5,74.9,75.2,75.6,75.9,76.2,76.6,76.8,76.7,77.2,77.4,77.2658536585366,77.6658536585366,76.8658536585366,74.6146341463415,76.9658536585366,78.0170731707317
Slovenia,SVN,36.4,36.4,36.4,36.4,36.4,36.4,36.4,36.4,36.4,36.4,36.4,36.4,36.4,36.4,36.4,36.3,36.3,36.3,19.9,36.3,36.3,37.2,38.1,39.1,40.0,40.9,41.8,42.7,43.6,44.5,45.5,46.4,47.3,48.2,49.1,50.0,50.9,51.8,52.7,53.6,54.6,51.6,49.9,48.2,46.8,48.5,54.3,60.3,61.7,62.7,63.6,63.9,64.5,65.0,65.5,66.0,66.4,66.8,67.1,67.5,67.7,67.9,68.0,68.1,68.2,68.2,68.2,68.2,68.2,68.2,68.3,68.6,68.9,69.1,69.4,69.7,69.9,70.1,70.4,70.6,70.8,71.0,71.1,71.2,71.5,72.0,72.4,72.5,73.1,73.4,73.9,73.6,73.8,73.6,74.0,74.7,75.0,75.2,75.3,75.6,76.0,76.2,76.5,76.5,77.0,77.7,78.0,78.2,78.6,79.1,79.5,79.8,79.9,80.2,80.9,80.8,81.0,81.1,81.3780487804878,81.5292682926829,80.5317073170732,80.6756097560976,81.2829268292683,81.9780487804878
Solomon Islands,SLB,25.1,25.1,25.1,25.1,25.1,25.2,25.2,25.2,25.2,25.2,25.2,25.2,25.2,25.2,25.2,25.2,25.2,25.2,24.6,25.2,25.2,25.2,25.2,25.2,25.2,25.2,25.2,25.2,25.2,25.2,25.2,25.2,25.2,25.2,25.2,26.4,27.6,28.8,30.1,31.3,32.5,33.7,28.1,26.1,31.1,35.2,38.2,40.2,42.1,43.3,44.6,44.9,45.4,45.9,46.4,46.9,47.4,47.9,48.4,49.0,49.5,50.0,50.5,51.0,51.5,52.0,52.5,53.0,53.6,54.1,54.6,55.0,55.4,55.7,56.2,54.7,57.0,57.2,58.0,58.5,58.9,59.3,59.5,59.6,59.8,59.8,59.2,60.0,60.0,60.1,60.2,60.0,60.4,60.6,60.8,61.0,61.2,61.3,61.4,61.5,61.5,61.3,61.2,61.1,61.0,61.0,61.1,61.0,61.4,61.4,61.7,62.0,62.2,62.4,62.4,62.8,63.1,68.5,69.806,69.981,69.258,68.89,70.409,70.528
South Africa,ZAF,34.5,34.5,34.5,34.6,34.6,34.6,34.6,34.7,34.7,34.8,34.8,34.8,34.9,34.9,34.9,34.9,35.0,35.0,11.6,35.1,35.1,35.1,35.2,35.2,35.2,35.3,35.3,35.3,35.4,35.4,35.4,36.0,36.5,37.1,37.7,38.3,38.8,39.4,40.0,40.5,41.1,41.7,42.3,42.8,43.4,44.0,44.6,45.1,45.7,46.3,46.9,47.3,48.2,49.0,49.8,50.5,51.1,51.7,52.3,52.8,53.3,53.7,54.2,54.7,55.1,55.6,56.1,56.5,57.0,57.4,57.9,58.3,58.6,58.9,59.2,59.4,59.6,59.8,60.0,60.3,60.5,60.8,61.1,61.4,62.0,62.6,63.0,63.6,64.3,64.8,65.1,65.4,65.1,65.5,64.8,64.4,62.8,60.8,59.3,57.7,55.6,54.9,53.8,52.8,52.3,52.0,52.0,52.6,53.4,54.5,56.1,57.9,59.5,61.1,62.5,63.4,64.4,66.3,65.726,66.071,65.15,62.01,65.454,66.139
South Korea,KOR,25.9,25.9,25.9,25.9,25.5,25.0,24.6,24.1,23.6,23.9,24.3,24.6,24.9,25.1,25.7,26.2,26.7,27.2,17.2,27.7,28.2,28.7,29.3,29.8,30.6,31.4,32.3,33.1,33.9,34.7,35.5,36.2,37.0,37.8,38.8,39.9,40.9,42.0,43.0,43.6,44.2,44.8,45.4,43.5,42.5,43.0,45.5,47.6,48.2,48.6,43.5,41.0,40.5,45.6,48.6,50.2,50.9,51.6,52.3,53.0,53.8,54.5,55.3,56.0,56.8,57.7,58.5,59.4,60.3,61.3,62.1,62.6,62.9,63.5,63.9,64.5,65.1,65.8,66.5,67.2,67.7,68.3,68.7,69.0,69.5,70.0,70.4,70.8,71.4,71.8,72.2,72.6,73.3,73.7,73.9,74.4,74.9,75.3,75.6,75.9,76.3,76.8,77.2,77.6,78.2,78.7,79.2,79.7,80.1,80.4,80.6,80.9,81.2,81.6,82.0,82.3,82.5,82.6,82.6268292682927,83.2268292682927,83.4268292682927,83.5268292682927,82.6804878048781,83.4292682926829
South Sudan,SSD,29.6,29.6,29.8,29.8,29.9,30.0,30.1,30.2,30.3,30.4,30.5,30.6,30.7,30.8,30.9,31.0,31.1,31.2,12.1,31.4,31.5,31.6,31.7,31.8,31.9,32.0,32.1,32.2,32.3,32.4,32.5,32.5,32.6,32.7,32.8,32.9,33.0,33.1,33.2,33.3,33.4,33.5,33.6,33.7,33.8,33.9,34.0,34.1,34.2,34.3,34.4,34.9,35.8,36.6,37.5,38.3,39.1,39.8,40.5,41.3,42.0,42.6,43.3,44.0,44.7,45.4,46.1,46.8,47.4,48.1,48.7,47.5,47.7,49.4,49.7,49.9,50.0,50.3,50.5,50.6,50.8,50.9,51.0,50.8,50.9,51.0,51.2,51.5,51.7,51.0,51.2,51.6,51.9,52.0,52.7,52.9,53.2,51.8,52.7,53.7,54.4,55.1,55.4,55.8,56.3,56.7,56.5,57.0,57.4,56.9,57.8,57.5,58.2,58.0,58.3,59.4,59.4,59.3,51.905,58.129,57.648,57.047,57.203,57.617
Spain,ESP,34.7,35.6,36.4,37.2,38.0,38.9,39.7,40.5,41.4,41.0,40.8,39.7,43.4,42.5,42.7,42.9,43.9,42.5,30.2,41.0,39.2,41.9,44.1,44.6,46.1,46.8,47.6,48.3,48.5,49.3,49.2,49.1,51.0,51.4,52.0,52.5,50.7,47.0,47.3,46.9,48.2,47.0,52.3,54.6,56.0,57.6,57.3,59.1,61.0,60.7,61.6,61.2,64.6,65.5,66.7,66.4,66.5,66.3,68.5,68.4,68.9,69.3,69.3,69.5,70.2,70.6,70.8,71.0,71.3,70.8,71.8,72.0,72.5,72.6,73.0,73.4,73.8,74.1,74.4,74.8,75.3,75.5,75.9,76.0,76.2,76.3,76.5,76.7,76.8,76.9,77.0,77.1,77.5,77.7,77.9,78.0,78.2,78.7,78.9,78.9,79.4,79.7,79.8,79.6,80.2,80.5,80.9,81.0,81.3,81.7,82.0,82.1,82.3,82.6,82.7,82.6,82.9,83.1,83.4317073170732,83.8317073170732,82.2317073170732,83.1780487804878,83.1341463414634,83.8829268292683
Sri Lanka,LKA,32.5,32.5,32.5,33.9,34.7,32.4,26.9,30.0,30.4,29.8,32.6,27.1,28.8,31.8,29.0,34.2,32.5,34.1,28.0,25.3,30.9,31.8,35.8,33.0,37.6,39.3,38.1,41.2,37.3,37.1,37.9,41.8,43.7,42.9,40.8,27.5,42.1,42.2,43.1,42.2,43.6,46.6,46.8,43.3,43.3,42.4,45.3,52.7,52.4,52.1,51.9,52.4,53.5,54.4,55.3,56.0,56.7,57.3,57.8,58.2,58.6,59.0,59.4,59.8,60.2,60.7,61.2,61.8,62.3,62.7,63.2,63.0,63.0,63.0,62.8,63.2,63.8,64.6,65.6,66.3,67.1,67.7,67.8,68.0,68.0,68.5,68.9,68.9,69.3,69.8,69.7,70.6,71.1,72.1,71.9,70.7,70.7,70.4,71.2,71.6,71.6,72.7,73.6,73.7,69.3,73.8,74.2,74.4,73.7,74.0,74.7,75.9,76.1,76.4,76.5,76.9,77.2,77.5,76.485,76.698,76.928,76.278,77.3,77.483
St. Lucia,LCA,28.2,28.2,28.2,28.2,28.2,28.2,28.2,28.2,28.3,28.3,28.3,28.3,28.3,28.3,28.3,28.3,28.3,28.3,18.4,28.3,28.3,28.3,29.2,30.0,30.9,31.7,32.5,33.4,34.2,35.1,35.9,36.8,37.6,38.5,39.3,40.2,41.0,41.9,42.7,43.6,44.4,45.3,46.1,47.0,47.8,48.7,49.5,50.4,51.2,52.1,52.9,53.0,53.3,53.6,54.1,54.6,55.3,56.0,56.8,57.6,58.5,59.3,60.1,60.8,61.4,61.9,62.4,62.8,63.3,63.9,64.4,64.7,65.0,65.1,65.5,65.8,66.2,66.5,66.9,67.3,67.6,67.9,68.3,68.5,68.7,69.0,69.3,69.6,69.9,70.2,70.5,70.8,70.9,71.2,71.3,71.7,72.0,72.4,72.9,73.3,73.8,74.1,74.1,74.0,74.2,74.3,74.6,75.0,75.4,75.5,75.6,75.6,75.6,75.5,75.5,75.5,75.5,75.5,72.655,72.249,72.308,69.119,72.67,72.697
St. Vincent and the Grenadines,VCT,26.0,26.0,26.0,26.0,26.0,26.0,26.0,26.0,26.0,26.0,26.0,26.0,26.0,26.0,26.0,26.0,26.0,26.0,16.9,26.0,26.0,26.0,26.8,27.6,28.5,29.3,30.1,31.0,31.8,32.6,33.4,34.3,35.1,35.9,36.8,37.6,38.4,39.2,40.1,40.9,41.7,42.5,43.4,44.2,45.0,45.9,46.7,47.5,48.4,49.2,50.0,50.2,50.7,51.3,52.0,52.8,53.7,54.7,55.8,56.9,58.0,59.2,60.2,61.1,62.0,62.7,63.3,63.8,64.3,64.8,65.1,65.4,65.8,66.3,66.6,67.0,67.5,67.9,68.5,69.0,69.3,69.7,70.2,70.5,70.6,70.7,70.9,70.9,71.0,71.0,71.0,71.3,71.5,71.5,71.4,71.4,71.0,70.9,71.0,71.1,71.2,71.7,71.7,72.2,72.3,72.4,72.6,72.8,73.0,73.0,72.9,72.8,72.5,72.0,72.1,72.0,72.2,72.3,71.017,70.994,69.605,69.132,71.191,71.23
Sudan,SDN,31.5,31.5,31.5,31.5,31.5,31.5,31.5,31.5,31.5,31.5,31.5,31.5,31.5,31.5,31.5,31.5,31.5,31.5,12.2,31.5,31.5,31.5,31.5,31.5,31.5,31.5,31.5,31.5,31.5,31.5,31.5,31.5,31.5,31.5,31.5,31.5,31.5,31.5,31.5,31.6,31.6,32.8,34.0,35.2,36.4,37.6,38.8,40.0,41.2,42.4,43.6,43.9,44.5,45.1,45.6,46.1,46.6,47.1,47.6,48.0,48.5,48.9,49.3,49.8,50.2,50.6,51.0,51.4,51.8,52.2,52.6,53.4,53.5,53.4,53.5,53.6,54.0,54.4,54.6,54.8,54.9,55.5,55.8,49.8,50.3,50.6,56.7,56.9,57.5,58.0,58.6,59.2,59.6,59.9,60.8,61.2,61.5,61.7,62.1,62.8,63.4,63.8,64.0,64.3,64.3,65.7,66.1,66.5,67.0,67.3,67.7,68.0,68.4,68.7,69.1,69.6,69.8,70.3,65.501,65.803,65.124,64.46,65.695,66.331
Suriname,SUR,32.9,32.9,32.9,32.9,32.9,32.9,32.9,32.9,32.9,32.9,32.9,32.9,32.9,32.9,32.9,32.9,32.9,32.9,29.1,32.9,32.9,32.9,32.9,32.9,32.9,32.9,33.8,34.7,35.5,36.4,37.3,38.1,39.0,39.9,40.8,41.6,42.5,43.4,44.3,45.1,46.0,46.9,47.7,48.6,49.5,50.4,51.2,52.1,53.0,53.9,54.7,55.1,55.8,56.4,57.0,57.5,58.0,58.5,58.9,59.4,59.7,60.1,60.5,60.8,61.2,61.6,61.9,62.3,62.7,63.0,63.4,63.5,63.7,63.8,63.8,63.8,63.9,64.0,64.3,64.5,64.8,65.3,65.8,66.4,67.0,67.5,67.5,67.8,67.9,67.4,68.8,69.0,69.1,68.9,69.3,69.9,69.9,70.0,69.8,69.6,69.5,69.5,69.4,69.5,69.6,69.9,70.2,70.6,70.8,71.3,71.4,71.7,72.0,72.1,72.0,71.9,71.9,72.0,71.468,71.773,72.321,68.943,73.254,73.631
Sweden,SWE,52.3,52.9,54.7,55.1,55.4,54.5,56.7,57.0,56.4,58.4,57.8,58.0,57.8,58.7,58.2,57.2,58.2,58.9,49.8,56.5,58.8,61.0,61.0,63.0,62.0,62.5,62.8,61.6,62.2,62.3,63.1,62.6,63.9,64.8,64.9,64.8,64.6,64.6,65.5,66.4,66.7,67.0,68.9,68.7,67.7,68.3,69.5,69.4,70.7,70.8,71.1,71.3,71.8,71.8,72.3,72.5,72.6,72.4,73.1,73.3,73.0,73.4,73.3,73.5,73.7,73.8,74.1,74.1,74.0,74.1,74.6,74.7,74.8,75.0,75.1,75.1,75.3,75.5,75.6,75.7,76.0,76.3,76.5,76.8,77.0,77.0,77.1,77.2,77.3,77.6,77.7,77.8,78.2,78.3,78.7,78.9,79.1,79.4,79.5,79.6,79.8,79.8,80.0,80.3,80.2,80.6,80.8,80.9,81.0,81.2,81.5,81.6,81.8,81.9,82.1,82.2,82.4,82.5,82.5585365853659,83.109756097561,82.3560975609756,83.0560975609756,83.0585365853659,83.309756097561
Switzerland,CHE,47.5,49.0,50.5,50.1,49.2,49.7,50.8,51.3,52.3,51.7,53.0,51.8,54.5,54.3,55.2,56.0,56.7,55.9,46.4,55.0,54.5,58.0,58.6,60.1,59.6,60.0,60.7,60.2,60.6,60.3,61.5,61.4,61.3,62.5,63.0,62.3,63.3,63.6,64.0,64.1,63.7,65.1,65.8,66.0,65.0,65.6,66.2,66.4,67.5,68.1,69.1,68.9,69.8,69.7,70.2,70.3,70.4,70.7,71.5,71.7,71.6,72.0,71.5,71.5,72.4,72.5,72.7,73.0,72.9,72.9,73.4,73.6,74.0,74.4,74.8,75.1,75.3,75.6,75.7,75.9,76.0,76.2,76.4,76.6,77.0,77.3,77.5,77.6,77.7,77.8,77.8,77.9,78.2,78.6,78.7,78.8,79.4,79.5,79.8,80.1,80.1,80.5,80.7,80.9,81.3,81.5,81.7,81.9,82.2,82.2,82.5,82.8,82.9,83.0,83.3,83.5,83.8,84.0,83.7536585365854,83.9048780487805,83,83.7512195121951,83.6048780487805,84.0560975609756
Syria,SYR,31.8,31.8,31.9,31.9,31.9,31.9,31.9,32.0,32.0,32.0,32.0,32.1,32.1,32.1,32.1,32.2,32.2,32.2,26.7,32.3,32.3,32.3,32.3,32.4,32.4,32.4,32.4,32.5,32.5,32.5,32.5,32.5,32.6,32.6,32.6,32.6,33.8,35.0,36.2,37.3,38.5,39.7,40.9,42.1,43.3,44.5,45.6,46.8,48.0,49.2,50.4,50.8,51.4,52.0,52.7,53.3,53.9,54.5,55.2,55.8,56.4,57.0,57.6,58.3,59.0,59.7,60.4,61.2,62.0,62.8,63.7,64.1,64.7,64.3,65.6,66.1,66.5,66.9,67.3,67.5,67.8,68.0,64.8,68.6,68.8,68.9,69.1,69.3,69.5,69.6,69.8,69.8,69.7,70.2,70.3,70.6,70.8,71.1,71.4,71.9,72.5,73.2,73.6,74.4,74.7,75.0,75.3,75.5,75.4,75.7,75.8,74.5,67.9,68.7,65.0,67.3,67.4,69.8,67.371,70.97,71.944,72.418,72.79,72.12
Tajikistan,TJK,25.9,26.1,26.4,26.6,26.8,27.1,27.3,27.5,27.8,28.0,28.3,31.1,31.6,29.4,29.0,28.6,28.6,25.6,15.8,21.1,16.7,19.9,20.8,29.6,32.0,31.1,34.2,33.6,35.0,33.8,33.1,27.4,19.6,15.7,35.4,36.9,38.5,37.5,39.2,41.5,39.1,29.0,25.1,24.1,31.9,39.2,45.8,38.0,45.9,48.6,50.8,51.0,51.4,51.8,52.1,52.5,52.9,53.3,53.7,54.0,54.4,54.8,55.2,55.6,56.0,56.4,56.8,57.1,57.5,57.8,58.1,58.9,59.2,59.6,59.9,60.4,60.8,61.5,62.2,63.0,63.7,64.3,64.6,65.0,65.4,65.8,66.1,66.3,66.5,66.8,67.0,66.8,63.7,59.3,65.0,65.1,64.4,66.2,66.6,67.5,67.8,68.2,68.5,68.9,69.2,69.2,69.3,69.4,69.6,69.7,69.8,69.9,70.1,70.2,70.3,70.2,70.2,70.3,70.737,70.962,68.605,69.594,71.562,71.79
Tanzania,TZA,33.4,33.4,33.4,33.5,33.5,33.5,33.6,33.6,33.7,33.7,33.7,33.8,33.8,33.9,33.9,33.9,34.0,34.0,13.2,34.1,34.1,34.2,34.2,34.2,34.3,34.3,34.4,34.4,34.4,34.5,34.5,34.5,34.6,34.6,34.6,34.7,34.7,34.8,34.8,34.9,34.9,34.9,35.0,35.0,35.0,35.1,36.9,38.7,40.6,42.4,44.3,44.5,45.1,45.6,46.0,46.5,46.9,47.3,47.7,48.0,48.4,48.7,49.0,49.4,49.7,50.1,50.5,50.9,51.4,51.8,52.3,52.7,53.1,53.5,53.8,54.2,54.6,55.0,55.2,55.6,55.8,56.0,56.1,56.3,56.3,56.4,56.3,56.0,55.7,55.3,54.9,54.5,53.9,53.5,53.1,52.8,52.6,52.6,52.8,53.1,53.5,54.1,54.8,55.4,56.1,56.7,57.4,58.3,59.3,60.0,60.9,61.8,62.8,63.9,64.9,65.6,66.2,66.7,65.488,66.007,66.771,66.131,66.879,66.995
Thailand,THA,30.9,30.9,30.9,30.9,30.9,30.9,30.9,31.0,31.0,31.0,31.0,31.0,31.0,31.1,31.1,31.1,31.1,31.1,19.9,31.1,31.1,31.2,31.2,31.2,31.2,31.2,31.2,31.3,31.3,31.3,31.3,32.8,34.3,35.7,37.2,38.7,40.1,41.6,41.6,41.7,40.7,39.6,39.7,39.7,39.5,40.8,42.1,43.4,51.8,52.4,52.9,53.1,53.4,53.9,54.3,54.8,55.4,55.9,56.5,57.1,57.7,58.3,58.8,59.3,59.8,60.2,60.6,61.0,61.5,62.0,62.5,62.9,63.4,63.9,64.5,65.1,65.5,65.8,66.2,66.3,66.5,66.7,66.9,67.4,68.1,68.9,69.5,69.9,70.2,70.5,70.7,70.8,70.8,70.6,70.4,70.3,70.1,71.0,71.4,71.3,71.8,72.6,73.0,73.6,73.8,74.8,75.4,75.9,76.3,76.8,77.0,77.3,77.7,78.0,78.1,78.2,78.0,78.1,77.19,77.197,77.331,77.606,75.291,76.412
Timor-Leste,TLS,30.3,30.3,30.4,30.4,30.4,30.5,30.5,30.6,30.6,30.7,30.7,30.8,30.8,30.9,30.9,30.9,31.0,31.0,10.1,31.1,31.2,31.2,31.3,31.3,31.3,31.4,31.4,31.5,31.5,31.6,31.6,31.6,31.7,31.7,31.8,31.8,31.9,31.9,32.0,32.0,32.0,32.1,23.3,21.1,17.8,16.7,22.3,29.1,32.4,32.4,32.5,32.8,33.4,34.0,34.7,35.3,35.9,36.5,37.1,37.7,38.4,39.0,39.6,40.2,40.9,41.5,42.3,43.2,44.1,44.9,45.6,46.3,47.0,47.7,48.5,44.6,46.5,46.7,46.1,45.7,48.8,51.1,52.7,53.8,55.3,56.5,57.5,58.6,59.0,59.3,60.2,60.4,61.1,61.4,62.1,62.3,63.9,63.2,63.7,58.5,65.3,65.8,66.1,66.5,67.1,67.7,68.2,68.8,69.3,69.7,70.0,70.3,70.5,70.7,70.7,70.7,70.7,70.8,66.204,66.496,66.919,66.199,67.368,67.689
Togo,TGO,32.4,32.4,32.5,32.5,32.6,32.6,32.6,32.7,32.7,32.7,32.8,32.8,32.9,32.9,32.9,33.0,33.0,33.0,12.8,33.1,33.1,33.2,33.2,33.3,33.3,33.3,33.4,33.4,33.4,33.5,33.5,33.5,33.6,33.6,33.7,33.7,33.7,33.8,33.8,33.9,33.9,33.9,34.0,34.0,34.0,34.1,34.7,35.3,35.9,36.5,37.1,37.5,38.4,39.1,39.9,40.7,41.5,42.3,43.0,43.8,44.6,45.3,46.1,46.9,47.6,48.4,49.1,49.8,50.6,51.3,52.1,52.5,53.0,53.4,53.9,54.2,54.5,54.9,55.3,55.7,56.1,56.4,56.6,56.7,56.6,56.9,57.1,56.9,57.4,57.4,57.6,57.7,57.8,57.6,57.4,57.4,57.3,57.0,56.9,57.0,56.9,56.7,56.8,56.7,56.9,56.9,57.5,57.7,58.0,58.6,59.2,60.0,60.7,61.4,62.1,62.8,63.5,64.4,60.601,61.055,61.123,61.328,62.29,62.739
Tonga,TON,28.6,28.6,28.6,28.6,28.6,28.6,28.6,28.6,28.7,28.7,28.7,28.7,28.7,28.7,28.7,28.7,28.8,28.8,5.96,28.8,28.8,28.8,28.8,28.8,28.9,28.9,30.1,31.3,32.6,33.8,35.0,36.3,37.5,38.7,40.0,41.2,42.5,43.7,44.9,46.2,47.4,48.7,49.9,51.2,52.4,53.6,54.9,56.2,57.4,58.7,59.9,60.1,60.5,60.9,61.3,61.7,62.1,62.5,63.0,63.4,63.8,64.2,64.6,65.0,65.4,65.8,66.2,66.5,66.9,67.3,67.7,67.8,67.9,68.0,68.1,68.2,68.3,68.3,68.3,68.2,68.2,68.1,68.2,68.4,68.7,69.0,69.4,69.6,69.8,70.0,70.2,70.3,70.5,70.5,70.5,70.6,70.6,70.5,70.7,70.7,70.7,70.7,70.7,70.7,70.7,70.8,70.8,70.9,70.9,68.8,71.0,71.1,71.2,71.3,71.4,71.5,71.6,71.8,72.169,72.292,72.379,72.13,72.635,72.895
Trinidad and Tobago,TTO,39.0,39.0,39.0,39.0,39.0,39.0,39.0,39.1,39.1,39.1,39.1,39.1,39.1,39.1,39.1,39.1,39.1,39.1,25.4,39.1,39.1,39.2,39.9,40.6,41.3,42.0,42.7,43.4,44.1,44.8,45.5,46.2,46.8,47.4,48.0,48.6,49.2,49.8,50.4,51.0,51.6,52.2,52.8,53.4,54.0,54.6,55.3,55.9,56.5,57.1,57.7,58.0,58.4,59.0,59.6,60.2,60.9,61.5,62.3,63.0,63.6,64.3,64.8,65.2,65.5,65.7,65.9,66.0,66.0,66.1,66.3,66.3,66.5,66.7,67.0,67.3,67.6,67.9,68.3,68.5,68.9,69.2,69.5,69.5,69.6,69.8,69.9,69.9,70.0,70.0,69.9,70.1,70.0,69.6,69.4,69.8,69.7,70.3,70.0,69.8,70.4,70.6,71.1,71.1,71.5,71.9,72.6,72.8,72.4,73.0,73.6,74.4,74.6,74.3,74.4,74.4,74.3,74.2,72.658,72.836,72.645,71.111,73.331,73.49
Tunisia,TUN,30.0,30.0,30.1,30.1,30.1,30.2,30.2,30.3,30.3,30.4,30.4,30.4,30.5,30.5,30.6,30.6,30.6,30.7,23.5,30.8,30.8,30.8,30.9,30.9,31.2,31.5,31.8,32.1,32.4,32.7,33.0,33.3,33.6,33.9,34.4,34.9,35.4,35.9,36.4,36.9,37.4,36.2,29.7,27.5,28.7,30.4,38.7,40.9,41.5,42.0,42.5,42.7,43.0,43.4,43.8,44.2,44.7,45.3,45.9,46.5,47.2,48.0,48.8,49.7,50.7,51.8,53.0,54.2,55.5,56.8,58.2,59.1,60.1,61.0,61.9,62.8,63.6,64.3,64.9,65.7,66.3,67.6,68.5,69.3,70.0,70.6,71.0,71.4,71.8,72.2,72.5,72.6,72.7,72.8,73.0,73.1,73.4,73.4,73.6,73.9,74.3,74.6,74.8,75.2,75.5,75.8,76.1,76.3,76.5,76.7,77.0,77.0,77.4,77.6,77.8,77.9,78.1,78.3,75.37,75.599,75.004,72.893,76.05,76.508
Turkey,TUR,35.7,35.7,35.8,35.8,35.8,35.8,35.9,35.9,35.9,35.9,35.9,36.0,36.0,36.0,27.8,7.21,19.6,22.7,19.7,31.0,30.0,30.0,34.2,36.3,36.3,36.3,36.3,36.4,36.4,36.4,36.4,36.5,36.6,36.7,36.8,36.9,36.9,37.0,36.2,35.4,34.5,33.7,32.9,34.3,35.7,37.2,38.6,40.1,40.8,41.6,42.3,42.6,43.0,43.5,44.0,44.6,45.2,45.9,46.6,47.4,48.1,48.9,49.7,50.6,51.4,52.2,53.0,53.7,54.4,55.1,55.8,56.5,57.2,57.8,58.3,58.9,59.6,60.6,61.5,61.9,62.8,63.6,64.4,65.1,66.0,66.5,67.2,68.4,68.9,68.6,68.6,69.0,69.2,69.7,69.9,70.3,71.0,71.7,72.3,72.3,74.1,74.8,75.4,75.9,76.5,76.7,77.0,77.4,77.7,77.5,77.6,77.8,78.0,78.0,78.1,78.3,78.6,78.9,77.454,77.737,76.525,75.722,77.591,77.156
Turkmenistan,TKM,24.3,24.5,24.8,25.0,25.3,25.5,25.8,26.0,26.3,26.5,26.8,29.7,30.1,28.0,27.5,27.1,27.1,24.1,14.2,19.6,15.2,18.4,19.3,28.2,30.7,29.8,33.0,32.3,33.8,32.5,31.9,26.1,18.1,14.2,34.2,35.8,37.4,36.4,38.1,40.5,38.0,27.3,23.3,22.4,30.3,37.7,44.9,37.0,45.0,47.8,50.0,50.3,50.7,51.1,51.5,51.9,52.4,52.8,53.2,53.6,54.0,54.4,54.9,55.3,55.7,56.1,56.5,56.9,57.3,57.6,57.9,58.6,59.1,59.7,60.3,60.8,61.4,61.9,62.4,62.9,63.4,63.9,64.3,64.5,64.9,65.2,65.5,65.7,65.8,65.9,66.0,66.0,65.9,65.0,64.7,64.8,64.6,64.7,65.1,65.9,66.7,67.1,67.1,66.9,66.5,66.1,66.3,66.8,67.6,68.8,69.6,69.8,69.9,69.7,69.7,69.8,70.0,70.1,69.272,69.405,68.846,69.353,69.913,70.073
Uganda,UGA,25.3,25.3,25.3,25.3,25.3,25.3,25.3,25.3,25.3,25.3,25.3,25.3,25.3,25.3,25.3,25.3,25.3,25.3,9.77,25.3,25.3,25.3,25.3,25.0,24.7,24.4,24.1,23.9,24.1,24.4,24.6,24.9,25.1,25.4,25.6,25.9,26.1,26.4,26.7,27.0,27.3,27.6,27.9,28.2,28.4,28.8,30.8,32.8,34.9,36.9,38.9,39.2,39.7,40.2,40.7,41.2,41.7,42.3,42.8,43.3,43.9,44.5,45.1,45.7,46.2,46.8,47.3,47.8,48.1,48.5,48.7,48.9,49.1,49.4,49.5,49.7,49.8,50.0,49.7,49.7,47.8,48.1,48.3,48.5,48.5,48.4,48.1,49.3,49.0,48.4,47.6,47.1,46.8,46.7,46.7,46.9,47.0,47.5,47.9,48.6,49.1,50.0,50.7,51.5,52.5,53.8,54.9,55.9,57.0,58.1,59.1,60.2,61.4,62.5,63.6,64.5,65.2,65.7,65.775,66.354,66.41,66.45,67.675,68.252
Ukraine,UKR,36.4,36.8,37.2,37.5,37.9,38.3,38.7,39.1,39.5,39.9,40.3,40.6,41.0,41.4,40.2,34.7,34.7,32.7,28.7,30.7,27.8,31.0,31.9,40.7,43.2,42.3,45.4,44.5,46.1,44.2,44.2,45.1,36.5,8.94,39.3,49.0,49.6,48.4,49.6,49.4,49.2,24.6,19.3,18.0,28.5,35.0,54.5,44.6,57.0,59.8,61.7,61.3,62.0,62.7,63.5,65.3,66.2,66.2,67.8,68.2,69.8,70.1,69.5,70.1,70.8,70.3,70.5,70.1,70.2,69.6,69.5,69.6,69.7,69.9,69.8,69.6,69.7,69.4,69.3,69.1,69.1,69.2,69.4,69.6,69.4,69.9,71.2,71.1,71.1,70.7,70.3,69.7,69.1,68.5,67.8,66.7,67.0,67.8,68.8,68.4,68.0,68.3,68.2,68.3,68.0,67.8,68.5,68.1,68.3,70.1,70.8,71.5,71.6,71.8,71.8,69.2,69.6,70.5,73.569,73.92,73.283,71.631,72.658,73.422
United Arab Emirates,ARE,31.0,31.1,31.1,31.1,31.1,31.1,31.1,31.1,31.1,31.1,31.1,31.2,31.2,31.2,31.2,31.2,31.2,31.2,25.9,31.3,31.3,31.3,31.3,31.3,31.3,31.3,31.3,31.3,31.4,31.4,31.4,31.4,31.4,31.4,31.4,31.4,31.4,31.4,31.5,31.5,31.5,31.5,31.5,31.5,31.5,31.5,33.8,36.0,38.2,40.4,42.6,43.3,44.5,45.8,47.0,48.2,49.4,50.6,51.7,52.8,53.9,55.0,56.1,57.2,58.3,59.3,60.3,61.3,62.2,63.1,63.9,64.9,65.4,65.9,66.4,66.9,67.4,67.9,68.3,68.8,69.3,69.8,70.2,70.3,70.7,70.9,71.0,71.0,71.0,71.1,71.2,71.5,71.7,71.8,72.0,72.1,72.3,72.4,72.2,71.9,71.8,71.8,72.1,72.0,72.0,72.5,72.6,72.6,72.8,72.9,72.9,72.9,72.9,73.0,73.1,73.1,73.2,73.3,82.449,82.596,81.936,79.083,80.487,82.909
United Kingdom,GBR,46.3,47.9,49.1,50.4,49.1,50.9,50.6,51.4,51.8,52.5,54.0,51.5,54.5,53.8,52.0,48.2,47.7,45.5,40.4,54.1,56.6,58.3,57.1,59.4,58.1,58.5,59.6,59.0,60.0,57.7,60.9,60.1,60.6,60.6,61.4,62.0,61.8,61.9,63.3,63.7,60.9,61.3,64.0,64.0,64.8,65.8,66.4,66.4,68.5,68.2,68.7,68.3,69.6,69.8,70.2,70.2,70.4,70.5,70.7,70.8,71.0,70.8,70.9,70.8,71.6,71.6,71.5,72.1,71.7,71.7,71.9,72.1,72.1,72.3,72.4,72.6,72.8,73.1,73.2,73.4,73.6,73.9,74.1,74.3,74.5,74.7,74.9,75.1,75.3,75.5,75.8,76.0,76.3,76.3,76.7,76.7,77.0,77.2,77.4,77.6,78.0,78.2,78.3,78.5,79.0,79.3,79.4,79.7,79.8,80.2,80.4,80.8,80.9,80.9,81.1,81.0,80.9,81.0,81.2560975609756,81.3691219512195,80.331756097561,80.6473170731707,81.0112195121951,81.2380975609756
United States,USA,49.0,49.3,50.5,50.6,49.6,50.3,50.1,50.2,51.9,52.8,51.8,53.4,54.1,53.5,54.6,55.1,54.2,54.0,47.2,55.3,55.4,58.3,58.1,57.5,58.5,58.5,58.0,59.5,58.4,58.5,59.7,60.4,61.1,61.0,60.4,61.0,60.5,61.2,62.5,63.2,63.4,63.9,64.7,64.4,65.2,65.7,66.4,66.8,67.4,67.8,68.2,68.3,68.5,68.9,69.7,69.7,69.8,69.6,69.8,70.1,70.0,70.4,70.3,70.1,70.4,70.5,70.5,70.9,70.5,70.8,71.0,71.3,71.5,71.8,72.2,72.6,73.0,73.3,73.6,73.9,74.1,74.4,74.6,74.7,74.8,74.9,75.0,75.1,75.2,75.3,75.6,75.7,75.9,75.8,75.8,75.9,76.3,76.6,76.8,76.8,76.9,76.9,77.0,77.2,77.5,77.6,77.8,78.0,78.2,78.4,78.7,78.8,78.9,78.9,78.9,78.8,78.6,78.6,78.6390243902439,78.7878048780488,76.9804878048781,76.3292682926829,77.4341463414634,78.3853658536585
Uruguay,URY,32.9,32.9,32.9,32.9,32.9,32.9,32.9,32.9,32.9,32.9,32.9,32.9,32.9,32.9,32.9,32.9,32.9,32.9,30.6,32.9,32.9,32.9,32.9,32.9,32.9,32.9,34.3,35.6,36.9,38.2,39.5,40.9,42.2,43.5,44.8,46.1,47.5,48.8,50.1,51.4,52.7,54.0,55.4,56.7,58.0,59.3,60.6,62.0,63.3,64.6,65.9,66.0,66.1,66.3,66.5,66.7,66.9,67.2,67.4,67.7,67.9,68.1,68.3,68.5,68.6,68.7,68.7,68.7,68.7,68.7,68.8,68.9,68.7,68.8,68.8,69.0,69.2,69.3,69.8,70.1,70.4,71.0,71.5,71.7,71.7,71.8,72.1,72.3,72.6,72.9,73.0,73.4,73.4,73.1,73.4,73.5,73.8,74.0,74.0,74.2,74.6,74.9,74.9,74.9,75.1,75.5,76.0,75.5,76.1,76.4,76.4,76.3,76.3,76.6,77.0,77.0,77.0,77.0,77.527,77.503,78.381,75.434,76.468,78.138
Uzbekistan,UZB,29.0,29.3,29.5,29.8,30.1,30.3,30.6,30.8,31.1,31.4,31.6,34.6,35.0,32.9,32.5,32.0,32.1,29.0,18.9,24.5,19.9,23.3,24.2,33.2,35.7,34.8,38.1,37.4,39.0,37.7,37.0,31.1,23.1,19.0,39.5,41.0,42.7,41.7,43.5,45.9,43.4,30.7,26.4,24.4,34.0,41.6,50.6,42.5,50.7,53.5,55.9,56.1,56.6,57.0,57.5,57.9,58.4,58.8,59.3,59.7,60.2,60.6,61.1,61.5,62.0,62.4,62.9,63.3,63.7,64.0,64.4,64.8,65.2,65.6,66.0,66.3,66.6,66.9,67.1,67.3,67.4,67.7,67.8,68.0,68.3,68.7,69.1,69.3,69.4,69.5,69.4,69.2,68.8,68.2,67.8,67.7,67.6,67.6,67.3,67.4,67.3,67.3,67.1,67.0,66.8,66.8,67.3,67.7,68.0,68.5,68.8,69.1,69.3,69.4,69.6,69.9,70.1,70.3,71.999,72.093,71.461,71.681,72.147,72.388
Vanuatu,VUT,25.0,25.0,25.1,25.1,25.1,25.1,25.2,25.2,25.2,25.2,25.3,25.3,25.3,25.3,25.4,25.4,25.4,25.4,25.4,25.5,25.5,25.5,25.5,25.6,25.6,25.6,25.6,25.7,25.7,25.7,25.7,25.8,25.8,25.8,25.8,26.9,28.1,29.2,30.3,31.4,32.6,33.7,34.8,36.0,37.1,38.2,39.4,40.5,41.6,42.8,43.9,44.3,45.0,45.7,46.4,47.1,47.8,48.4,49.1,49.8,50.5,51.2,52.0,52.6,53.4,54.1,54.8,55.5,56.1,56.8,57.5,57.8,58.0,58.4,58.9,59.4,59.8,60.1,60.5,60.8,61.0,61.2,61.3,61.5,61.8,62.0,62.1,61.5,62.3,62.3,62.4,62.6,62.6,62.7,62.9,63.0,63.1,61.9,63.2,62.8,63.4,63.3,63.3,63.3,63.4,63.4,63.5,63.6,63.7,63.8,64.0,64.1,64.2,64.4,64.4,64.4,64.6,64.7,70.626,70.783,70.385,69.952,71.302,71.477
Venezuela,VEN,32.4,32.4,32.4,32.4,32.4,32.4,32.5,32.5,32.5,32.5,32.5,32.5,32.5,32.5,32.5,32.5,32.5,32.5,29.4,32.5,32.5,32.5,32.6,32.6,32.6,32.6,32.6,32.8,32.9,33.1,33.3,33.5,33.7,33.8,34.0,34.2,34.4,35.6,36.8,38.0,39.3,40.5,42.1,43.7,45.3,46.9,48.5,50.1,51.8,53.4,55.0,55.3,55.9,56.5,57.0,57.6,58.2,58.8,59.5,60.0,60.7,61.3,61.9,62.5,63.1,63.6,64.2,64.8,65.3,65.8,66.3,66.3,66.3,66.4,66.9,67.3,67.8,68.5,68.8,69.2,69.4,69.8,70.0,70.5,70.9,71.2,71.7,71.6,71.8,71.9,72.1,72.6,72.6,72.5,72.1,72.4,73.0,73.7,73.7,70.1,74.0,74.0,74.0,73.5,74.7,75.2,75.2,75.0,74.7,74.8,75.3,75.3,75.2,75.2,75.0,75.0,75.3,75.3,72.641,72.766,72.369,71.536,72.566,72.514
Vietnam,VNM,31.2,31.1,31.1,31.1,31.1,31.0,31.0,31.0,30.9,30.9,30.9,30.9,30.8,30.8,30.8,30.7,30.7,30.7,19.6,30.6,30.6,30.6,30.5,30.5,30.5,30.5,30.4,30.4,30.4,30.4,30.3,30.4,30.6,30.7,30.8,31.0,31.1,32.3,33.6,34.8,33.8,32.9,32.3,30.9,25.3,15.9,33.6,39.2,43.8,46.5,48.2,48.6,49.3,50.0,50.7,51.4,52.0,52.6,53.2,53.8,54.4,55.0,55.5,56.1,56.5,56.8,56.9,56.5,56.0,55.2,54.4,55.1,51.1,55.2,54.1,61.8,63.7,64.0,64.5,63.8,65.1,65.6,66.0,66.3,66.8,67.2,67.6,67.9,68.3,68.6,68.9,69.1,69.4,69.6,69.9,70.2,70.5,70.7,71.1,71.3,71.5,71.7,71.9,72.1,72.3,72.5,72.7,72.8,73.0,73.2,73.5,73.6,73.8,74.0,74.1,74.3,74.4,74.5,74.1,74.211,75.383,74.145,74.502,74.588
Yemen,YEM,23.5,23.5,23.5,23.5,23.5,23.6,23.6,23.6,23.6,23.6,23.6,23.6,23.6,23.6,23.6,23.6,23.6,23.6,19.6,23.6,23.6,23.6,23.6,23.6,23.6,23.6,23.6,23.6,23.6,23.6,23.7,23.7,23.7,23.7,23.7,23.7,23.7,23.7,23.7,23.7,23.7,23.7,23.7,23.7,23.7,23.7,23.7,23.7,23.7,23.8,23.8,24.2,25.2,26.2,27.1,28.1,29.1,30.1,31.0,32.0,33.0,33.9,34.9,35.8,36.7,37.6,38.5,39.4,40.3,41.1,42.0,44.5,45.4,46.6,47.6,48.6,49.6,50.7,51.5,52.4,53.1,53.9,54.1,55.4,56.0,56.5,54.6,57.5,57.9,58.3,58.7,59.2,59.6,60.0,60.2,60.9,61.2,61.7,62.2,62.8,63.3,63.9,64.4,64.8,65.3,65.9,66.4,66.8,67.2,67.5,68.0,68.1,68.3,68.9,69.0,68.6,68.1,68.1,65.915,66.567,66.435,66.019,67.952,69.295
Zambia,ZMB,33.6,33.6,33.6,33.7,33.7,33.8,33.8,33.8,33.9,33.9,33.9,33.9,34.0,34.0,34.0,34.1,34.1,34.1,13.2,34.2,34.2,34.3,34.3,34.3,34.4,34.4,34.4,34.5,34.5,34.5,34.6,34.6,34.6,34.7,34.7,34.7,34.8,34.8,34.8,34.9,34.9,34.9,35.0,35.0,35.0,35.1,37.0,38.9,40.8,42.6,44.5,44.8,45.3,45.8,46.3,46.8,47.3,47.8,48.3,48.7,49.2,49.7,50.1,50.5,51.0,51.4,51.9,52.4,52.9,53.4,54.0,54.4,54.9,55.3,55.6,55.9,56.2,56.3,56.3,56.4,56.0,56.0,55.7,55.5,55.1,54.6,54.0,53.4,53.0,51.9,50.7,49.5,48.4,47.6,46.8,46.1,45.7,45.5,45.5,45.6,46.0,46.1,47.0,47.6,48.4,49.3,50.2,51.5,53.0,54.5,56.0,57.5,58.8,60.0,61.1,62.0,62.8,63.2,62.138,62.914,63.361,62.363,65.279,66.349
Zimbabwe,ZWE,34.1,34.1,34.1,34.1,34.1,34.1,34.1,34.1,34.2,34.2,34.2,34.2,34.2,34.2,34.2,34.2,34.3,34.3,17.3,34.3,34.3,34.3,34.3,34.3,34.4,34.4,34.4,34.4,34.4,34.4,34.4,34.4,34.5,34.5,34.5,34.5,34.5,34.5,34.5,34.5,34.5,36.0,37.4,38.9,40.3,41.8,43.2,44.7,46.1,47.6,49.1,49.3,49.8,50.2,50.6,51.1,51.5,52.0,52.4,52.8,53.2,53.6,54.0,54.4,54.8,55.1,55.5,55.8,56.2,56.5,56.9,57.2,57.6,57.7,58.1,58.3,58.0,57.6,56.0,56.5,59.7,60.5,61.0,61.4,61.9,62.3,62.7,62.8,62.4,61.9,60.9,59.5,57.6,55.6,53.8,52.0,50.8,49.6,48.5,47.5,46.6,46.2,45.6,45.4,45.1,45.1,45.4,45.9,46.3,47.2,49.7,52.4,54.9,56.8,58.5,59.6,60.5,61.4,60.906,61.06,61.53,60.135,62.36,62.775
